Q13033	Q13033
Q13873	Q13873
Q14CS0	Q14CS0
Q14CS0	Q9UNZ2
Q14CS0	O35987
Q15388	Q15388
Q16658	Q16658
Q24008	Q24008
Q39204	Q39204
Q53EL6	Q53EL6
Q53EL6	Q61823
Q5RBF1	Q5RBF1
Q5RBF1	Q8IXJ6
Q5VV41	Q5VV41
Q5VV41	Q3U5C8
Q62234	Q62234
Q62234	P52179
Q6AWJ9	Q6AWJ9
Q6PFY8	Q6PFY8
Q6PFY8	Q9H8W5
Q6YHU6	Q6YHU6
Q7BCK4	Q7BCK4
Q7Z5R6	Q7Z5R6
Q86UW6	Q86UW6
Q8CI32	Q8CI32
Q8CI32	Q9UL15
Q8IWB6	Q8IWB6
Q8LC53	Q8LC53
Q8NB49	Q8NB49
Q8R0I0	Q8R0I0
Q8TDY2	Q8TDY2
Q8WU10	Q8WU10
P11182	P11182
P11911	P11911
P11911	P11912
P14859	P14859
P16333	P16333
P16333	O43639
P17693	P17693
P18669	P18669
P19783	P19783
P22983	P22983
P22983	P11155
P23874	P23874
P25293	P25293
P26367	P26367
P27472	P27472
P27472	P13807
P29692	P29692
P30988	P30988
P32019	P32019
P32873	P32873
P34981	P34981
P35658	P35658
P38830	P38830
P39940	P39940
P39940	Q96PU5
P39940	Q8CFI0
P39940	Q62940
P39940	Q8C863
P39940	Q96J02
P41220	P41220
P43686	P43686
P46873	P46873
P46873	P28741
P48582	P48582
P49765	P49765
P50745	P50745
P53042	P53042
P53042	P53041
P54577	P54577
P55194	P55194
P55194	Q9Y3L3
P60881	P60881
P77150	P77150
P97318	P97318
P9WGK1	P9WGK1
P9WGK1	P9WGK3
P9WGK1	A0R2U9
Q02195	Q02195
Q02195	O15520
Q07912	Q07912
Q09666	Q09666
Q12802	Q12802
Q13393	Q13393
Q14012	Q14012
Q14012	Q8IU85
Q14012	Q63450
Q14012	Q9UIK4
Q14012	Q8VDF3
Q14012	Q16644
Q14012	P49137
Q14596	Q14596
Q15628	Q15628
Q16825	Q16825
Q16825	Q15678
Q3UV74	Q3UV74
Q3UV74	O54890
Q3UV74	P05106
Q3UV74	P05556
Q3UV74	P09055
Q3UV74	P05107
Q5T280	Q5T280
Q62824	Q62824
Q6IQ55	Q6IQ55
Q6IQ55	Q5TCY1
Q6SZW1	Q6SZW1
Q811U3	Q811U3
Q8GY88	Q8GY88
Q8IYB3	Q8IYB3
Q8N1W1	Q8N1W1
Q8NEJ0	Q8NEJ0
Q8NEJ0	Q0II40
Q8NEJ0	Q9D9D8
Q8NEJ0	O95147
Q8T0Q4	Q8T0Q4
Q8TF76	Q8TF76
Q8WWW0	Q8WWW0
Q924T7	Q924T7
Q92835	Q92835
Q92835	Q9ES52
Q92835	Q6P549
Q92835	O15357
Q96JB5	Q96JB5
Q96QP1	Q96QP1
Q99547	Q99547
Q99986	Q99986
Q9BSW7	Q9BSW7
Q9H0Z9	Q9H0Z9
Q9JJP9	Q9JJP9
Q9JJP9	Q9UMX0
Q9LW31	Q9LW31
Q9NRA8	Q9NRA8
Q9NX09	Q9NX09
Q9P1W9	Q9P1W9
Q9P1W9	P11309
Q9R194	Q9R194
Q9R194	P97784
Q9UBU7	Q9UBU7
Q9UIB8	Q9UIB8
Q9UP38	Q9UP38
Q9UP38	O75084
Q9UP38	Q14332
Q9UP38	Q9ULV1
Q9UP38	Q9H461
Q9UP38	Q9ULW2
Q9UP38	Q13467
Q9UP38	Q9EQD0
Q9UP38	Q61091
Q9Y223	Q9Y223
Q9Y3C7	Q9Y3C7
Q9Y5P8	Q9Y5P8
Q9Z0F3	Q9Z0F3
P24719	P24719
P47167	P47167
P85078	P85078
Q2G0P6	Q2G0P6
Q2G0P6	P37570
Q2G0P6	P0DMM5
Q86XW9	Q86XW9
P03167	P03167
P03167	Q99HR6
P03167	Q80IU5
P03167	Q69607
P03167	Q9YKJ6
P29191	P29191
Q187N7	Q187N7
Q8ZPZ9	Q8ZPZ9
Q8ZPZ9	B1VZT1
A0A0F7VBC6	A0A0F7VBC6
A0A0F7VBC6	Q8IJ93
A0A2S9PCG6	A0A2S9PCG6
A0A2S9PCG6	P0A9G6
A0A2S9PCG6	Q63SY3
A0A2S9PCG6	P9WKK7
A0A2S9PCG6	A9WDE7
A0A2S9PCG6	Q81GQ9
A0A2S9PCG6	Q2YQA0
O05981	O05981
Q4W8A1	Q4W8A1
Q76RF4	Q76RF4
A0A6H3A658	A0A6H3A658
A0A6H3A658	O50982
A0A6H3A658	P69795
A9CJY8	A9CJY8
D3KTZ8	D3KTZ8
D3KTZ8	Q0GXS4
D3KTZ8	A8R7E6
D3KTZ8	D3KU53
D3KTZ8	Q6UD73
D3KTZ8	D3KTZ6
D3KTZ8	A0A0P0XII1
O84741	O84741
O84741	P12994
O84741	P9WFN1
O84741	P77368
Q3SH04	Q3SH04
Q6M145	Q6M145
Q9ZC38	Q9ZC38
B3VI55	B3VI55
O00767	O00767
O15198	O15198
O15198	P97454
O15198	Q99717
O15198	Q56I99
O15198	P42003
O15198	P70340
O15198	Q15797
O15198	P84022
O15198	Q15796
O15198	P97471
O15198	Q13485
O23680	O23680
O43156	O43156
O43683	O43683
O60711	O60711
O75164	O75164
O75747	O75747
O75747	O00443
O75747	Q61194
O95819	O95819
O95819	Q9UKE5
P02777	P02777
P03423	P03423
P04792	P04792
P08411	P08411
P08411	P03317
P0A9J6	P0A9J6
P0A9J6	Q9H477
P0DOE5	P0DOE5
P10412	P10412
P11229	P11229
P11229	P35367
P13864	P13864
P14891	P14891
P17706	P17706
P17706	P18031
P20917	P20917
P22985	P22985
P22985	P47989
P26368	P26368
P28749	P28749
P28749	Q08999
P29717	P29717
P35659	P35659
P36898	P36898
P36898	P36894
P36898	O00238
P36898	P36897
P36898	P36896
P36898	P37023
P36898	Q04771
P36898	Q13705
P36898	P38445
P36898	P27040
P36898	Q90999
P36898	P37173
P36898	P27038
P36898	P38444
P36898	P27037
P38859	P38859
P39956	P39956
P41227	P41227
P42356	P42356
P43694	P43694
P46934	P46934
P48607	P48607
P49767	P49767
P53067	P53067
P61927	P61927
P62826	P62826
P62826	P62825
P77485	P77485
P77485	A0A140NBW3
P82409	P82409
Q02223	Q02223
Q03290	Q03290
Q03290	G0SF48
Q06481	Q06481
Q06481	P08592
Q06481	P12023
Q06481	P05067
Q09711	Q09711
Q09711	P84074
Q09711	Q06389
Q09711	P21457
Q09711	P62168
Q09711	P62166
Q12834	Q12834
Q13144	Q13144
Q13395	Q13395
Q13563	Q13563
Q16270	Q16270
Q2G1M5	Q2G1M5
Q3V6T2	Q3V6T2
Q57849	Q57849
Q5T2D3	Q5T2D3
Q61249	Q61249
Q64512	Q64512
Q64512	Q12923
Q6TBX7	Q6TBX7
Q7LDG7	Q7LDG7
Q7LDG7	Q8TDF6
Q8GYN5	Q8GYN5
Q8N201	Q8N201
Q8NEM7	Q8NEM7
Q8T0S6	Q8T0S6
Q8WWY3	Q8WWY3
Q92504	Q92504
Q92837	Q92837
Q96C03	Q96C03
Q96C03	Q9NQG6
Q96JC1	Q96JC1
Q99988	Q99988
Q9BT23	Q9BT23
Q9CVB6	Q9CVB6
Q9ESN4	Q9ESN4
Q9ESN4	Q8CFR0
Q9H147	Q9H147
Q9H583	Q9H583
Q9JJY9	Q9JJY9
Q9NRC8	Q9NRC8
Q9NX58	Q9NX58
Q9UID3	Q9UID3
Q9ULI3	Q9ULI3
Q9Y224	Q9Y224
Q9Y3D8	Q9Y3D8
Q9Y3D8	Q9UZK4
Q9Y3D8	Q4Q7A6
Q9Z0P5	Q9Z0P5
Q9Z0P5	Q6IBS0
Q9Z0P5	Q12792
Q9Z0P5	Q91YR1
A0A0H2XCS3	A0A0H2XCS3
P24772	P24772
Q2G0P7	Q2G0P7
Q5ZMW5	Q5ZMW5
Q5ZMW5	Q9UNA1
Q5ZMW5	A1A4S6
Q86YV6	Q86YV6
Q7CY45	Q7CY45
Q7CY45	Q6N5G3
Q7CY45	Q6N5G2
Q7CY45	Q55168
Q7CY45	Q097N3
Q7CY45	Q09E27
Q7CY45	Q9RZA4
Q7CY45	Q9HWR3
Q7CY45	Q9X2W8
Q9RQQ9	Q9RQQ9
A0A0H2UNK6	A0A0H2UNK6
A8YPQ8	A8YPQ8
A8YPQ8	A8YPQ5
O07717	O07717
Q53VM1	Q53VM1
Q8JJY9	Q8JJY9
Q9HYQ0	Q9HYQ0
P73184	P73184
Q6N8L4	Q6N8L4
Q8DPI4	Q8DPI4
Q963B5	Q963B5
Q963B5	P29066
Q963B5	P32120
Q963B5	P17870
Q963B5	P49407
Q963B5	P29067
Q9ZND7	Q9ZND7
O00241	O00241
O00241	Q5TFQ8
O13710	O13710
O14862	O14862
O14862	Q91VJ1
O59767	O59767
O60716	O60716
O75807	O75807
O88602	O88602
O95831	O95831
P01732	P01732
P01732	P01731
P01732	P31783
P02778	P02778
P03431	P03431
P08887	P08887
P0A9M8	P0A9M8
P0DOK1	P0DOK1
P11233	P11233
P11233	P11234
P11233	P63320
P11233	O08989
P11233	O14807
P11233	P08644
P11233	P01111
P11233	P01112
P11233	P01116
P11233	Q61411
P11233	P20171
P11233	P62834
P11233	P61224
P11233	P61225
P11233	P10114
P11233	P62070
P11233	P10301
P11233	Q92963
P12956	P12956
P14906	P14906
P16452	P16452
P20936	P20936
P23202	P23202
P23945	P23945
P26373	P26373
P27540	P27540
P28829	P28829
P32171	P32171
P32917	P32917
P36941	P36941
P40032	P40032
P42409	P42409
P43889	P43889
P48729	P48729
P49768	P49768
P50752	P50752
P53168	P53168
P55211	P55211
P56962	P56962
P61956	P61956
P62829	P62829
P69192	P69192
P69192	Q9TY95
P97329	P97329
P97329	O95235
P9WGL5	P9WGL5
P9WLZ7	P9WLZ7
Q02224	Q02224
Q03393	Q03393
Q05085	Q05085
Q06486	Q06486
Q06486	P49674
Q06486	Q8LR51
Q06486	P48730
Q06486	Q9DC28
Q06486	P78368
Q06486	Q9HCP0
Q06486	Q9Y6M4
Q06486	Q86NK8
Q13404	Q13404
Q13568	Q13568
Q13568	Q92985
Q14116	Q14116
Q14654	Q14654
Q15121	Q15121
Q15121	Q9Z297
Q15121	Q62048
Q15637	Q15637
Q16288	Q16288
Q16288	P04629
Q16288	Q16620
Q16288	Q91044
Q2KHR2	Q2KHR2
Q60748	Q60748
Q60748	P34998
Q6KC79	Q6KC79
Q7RTN6	Q7RTN6
Q84G06	Q84G06
Q84G06	P56839
Q8AZK7	Q8AZK7
Q8H1D4	Q8H1D4
Q8IZL8	Q8IZL8
Q8NEV4	Q8NEV4
Q8TAF3	Q8TAF3
Q8WX92	Q8WX92
Q92519	Q92519
Q92519	Q96RU8
Q92841	Q92841
Q941L0	Q941L0
Q96C45	Q96C45
Q96JC9	Q96JC9
Q99567	Q99567
Q99IB8	Q99IB8
Q99IB8	P26660
Q99IB8	P26661
Q99IB8	O39928
Q99IB8	O39929
Q99IB8	Q81258
Q99IB8	P26663
Q99IB8	P29846
Q99IB8	O92972
Q99IB8	P27958
Q99IB8	Q9WMX2
Q99IB8	Q03463
Q99IB8	P26662
Q99IB8	P26664
Q9BT25	Q9BT25
Q9BYC5	Q9BYC5
Q9H165	Q9H165
Q9H5V9	Q9H5V9
Q9JK48	Q9JK48
Q9JK48	Q9Y371
Q9LY23	Q9LY23
Q9NRD5	Q9NRD5
Q9NRD5	Q9EP80
Q9P258	Q9P258
Q9UIG0	Q9UIG0
Q9ULU4	Q9ULU4
Q9Y233	Q9Y233
Q9Y3I1	Q9Y3I1
Q9Y5S2	Q9Y5S2
Q9Y5S2	O54874
Q9Y5S2	O01583
O02675	O02675
O02675	O08553
O02675	Q14195
P25852	P25852
P25852	G3XCV0
P25852	A0A0H3AM86
P50466	P50466
P94368	P94368
P94368	Q8DVC0
Q2G2U4	Q2G2U4
Q2G2U4	Q45614
Q61179	Q61179
Q9UHR6	Q9UHR6
A0A1Y1HNG4	A0A1Y1HNG4
A0A1Y1HNG4	O48963
A0A1Y1HNG4	P93025
A0A1Y1HNG4	O49003
A0A1Y1HNG4	O49004
A0A1Y1HNG4	Q8LPD9
Q1DB04	Q1DB04
Q57646	Q57646
Q7KQK7	Q7KQK7
Q92RN7	Q92RN7
Q9RUZ0	Q9RUZ0
Q9RUZ0	Q8N0X4
Q9RUZ0	P9WPE1
A0A0H2UNS1	A0A0H2UNS1
A9CI81	A9CI81
O26778	O26778
O26778	Q9UXC0
O26778	O29756
O26778	Q9V118
O26778	Q96B26
O26778	Q15024
Q7A2Q0	Q7A2Q0
Q8KAU2	Q8KAU2
Q9I0V9	Q9I0V9
A0A7M4DUC1	A0A7M4DUC1
A0A7M4DUC1	A8FAR5
A9WDG5	A9WDG5
P84134	P84134
Q45403	Q45403
Q6QGH2	Q6QGH2
Q8DTU7	Q8DTU7
U3KM01	U3KM01
B8GZM2	B8GZM2
G0S0Y3	G0S0Y3
G0S0Y3	Q7SDP4
O00255	O00255
O01761	O01761
O13978	O13978
O14874	O14874
O14874	Q00972
O15240	O15240
O43187	O43187
O43739	O43739
O60216	O60216
O60729	O60729
O75191	O75191
O75815	O75815
O75815	Q8N5H7
O95251	O95251
O95833	O95833
P02786	P02786
P06837	P06837
P08463	P08463
P0A9P6	P0A9P6
P10451	P10451
P12962	P12962
P13929	P13929
P13929	P00924
P14925	P14925
P19824	P19824
P19824	P25697
P20963	P20963
P22204	P22204
P24043	P24043
P25342	P25342
P25342	Q15019
P25342	Q8WYJ6
P27577	P27577
P27577	P15036
P29965	P29965
P32239	P32239
P35734	P35734
P36956	P36956
P38907	P38907
P40065	P40065
P42527	P42527
P44308	P44308
P49771	P49771
P50851	P50851
P50851	Q8NFP9
P52272	P52272
P55212	P55212
P55212	P55210
P55212	P42574
P63158	P63158
P63158	P63159
P63158	P09429
P77961	P77961
P77961	W7JM41
P77961	P0A1P6
P77961	P0A9C5
P77961	Q9HU65
P77961	P0A1P7
P77961	P12425
P77961	E3VXC2
P77961	P9WN39
P77961	Q8PY99
Q05086	Q05086
Q06507	Q06507
Q06507	P18848
Q08012	Q08012
Q08012	P29355
Q08012	P62993
Q08012	Q60631
Q13418	Q13418
Q13569	Q13569
Q14671	Q14671
Q15126	Q15126
Q15642	Q15642
Q16512	Q16512
Q16512	Q16513
Q16832	Q16832
Q16832	Q08345
Q2M1P5	Q2M1P5
Q5T4S7	Q5T4S7
Q61337	Q61337
Q62884	Q62884
Q62884	Q12913
Q6MZP7	Q6MZP7
Q709F0	Q709F0
Q8BG84	Q8BG84
Q8BG84	Q6GTX8
Q8IZP0	Q8IZP0
Q8IZP0	Q9NYB9
Q8N2I9	Q8N2I9
Q8NEY8	Q8NEY8
Q8TAT5	Q8TAT5
Q8WX93	Q8WX93
Q92540	Q92540
Q92844	Q92844
Q944L3	Q944L3
Q944L3	Q700D2
Q96C74	Q96C74
Q96JJ3	Q96JJ3
Q96JJ3	Q8BHL5
Q96JJ3	Q92556
Q96RG2	Q96RG2
Q99570	Q99570
Q9BT78	Q9BT78
Q9BYH1	Q9BYH1
Q9HBI1	Q9HBI1
Q9HBI1	Q9NVD7
Q9NXC5	Q9NXC5
Q9P278	Q9P278
Q9P278	Q68FD7
Q9P278	Q8TF40
Q38SD2	Q38SD2
Q5JUK3	Q5JUK3
Q5VSL9	Q5VSL9
Q60855	Q60855
Q60855	Q13546
Q62132	Q62132
Q62132	Q15256
Q6PCD5	Q6PCD5
Q79PF5	Q79PF5
Q7Z4H7	Q7Z4H7
Q86UE4	Q86UE4
Q8CF89	Q8CF89
Q8CF89	Q15750
Q8K4V4	Q8K4V4
Q8K4V4	Q96L92
Q8NJU8	Q8NJU8
Q8NJU8	Q8TGA0
Q8NJU8	P16862
Q8NJU8	P16861
Q8TDM6	Q8TDM6
Q8W4D8	Q8W4D8
Q92622	Q92622
Q969F8	Q969F8
Q96EY1	Q96EY1
Q96T51	Q96T51
Q99731	Q99731
Q99P84	Q99P84
Q99P84	Q9P212
Q9BV68	Q9BV68
Q9BZF1	Q9BZF1
Q9DC04	Q9DC04
Q9H334	Q9H334
Q9H900	Q9H900
Q9NPI6	Q9NPI6
Q9NSY1	Q9NSY1
Q9NZ56	Q9NZ56
Q9SJT1	Q9SJT1
Q9UH99	Q9UH99
Q9UM21	Q9UM21
Q9WVE9	Q9WVE9
Q9WVE9	Q9Z0R4
Q9Y2H9	Q9Y2H9
Q9Y2H9	Q6P0Q8
Q9Y2H9	O60307
Q9ZFV5	Q9ZFV5
A5K0N4	A5K0N4
A5K0N4	Q8I719
O34757	O34757
P06628	P06628
P06628	Q9A5I4
P60304	P60304
P60304	P01443
P60304	P60301
P60304	P60770
Q6PJG2	Q6PJG2
Q9L9I0	Q9L9I0
A0A8V8TRG9	A0A8V8TRG9
A0A8V8TRG9	P42345
A0A8V8TRG9	P35169
A0A8V8TRG9	P32600
F5HDB7	F5HDB7
F5HDB7	Q76RG7
Q9FY46	Q9FY46
G3HK48	G3HK48
Q2JIZ5	Q2JIZ5
Q2JIZ5	Q8YTL8
Q61354	Q61354
Q92FU1	Q92FU1
Q9LMN2	Q9LMN2
A0QTT2	A0QTT2
A0QTT2	O53343
I6ZQR7	I6ZQR7
I6ZQR7	F2YGR7
I6ZQR7	Q27007
I6ZQR7	O15693
Q1GZZ4	Q1GZZ4
Q7BSA3	Q7BSA3
Q7BSA3	A8YPQ6
Q7BSA3	P72367
Q8RD55	Q8RD55
Q8RD55	Q8E371
Q9HII6	Q9HII6
Q9HII6	O59581
Q9HII6	Q970U0
Q9HII6	Q8ZVF7
Q9HII6	Q5SJC3
D3W0D1	D3W0D1
G5ECA1	G5ECA1
O00429	O00429
O00429	P21575
O00429	Q05193
O00429	Q9UQ16
O14980	O14980
Q6ZUJ8	Q6ZUJ8
Q80UL9	Q80UL9
Q86X95	Q86X95
Q8DR55	Q8DR55
Q8IXI2	Q8IXI2
Q8IXI2	Q8IXI1
Q8IXI2	Q8IMX7
Q8N122	Q8N122
Q8N122	P38873
Q8N122	Q93YQ1
Q8NCN4	Q8NCN4
Q8RXG3	Q8RXG3
Q8TEQ6	Q8TEQ6
Q8WVK2	Q8WVK2
Q92786	Q92786
Q96HE7	Q96HE7
Q96Q04	Q96Q04
Q99417	Q99417
Q9BS26	Q9BS26
Q9BXL7	Q9BXL7
Q9BXL7	Q8CIS0
Q9C9Q4	Q9C9Q4
Q9H095	Q9H095
Q9HAU5	Q9HAU5
Q9JI15	Q9JI15
Q9LRB7	Q9LRB7
Q9P0N9	Q9P0N9
Q9QZ05	Q9QZ05
Q9QZ05	Q9P2K8
Q9U1K1	Q9U1K1
Q9UI12	Q9UI12
Q9UKT4	Q9UKT4
Q9UNI6	Q9UNI6
Q9VSR3	Q9VSR3
Q9XUB2	Q9XUB2
Q9Y6Y0	Q9Y6Y0
G0S1R8	G0S1R8
P0AGL2	P0AGL2
P78789	P78789
Q5JTH9	Q5JTH9
Q96C19	Q96C19
Q9QMH8	Q9QMH8
Q9QMH8	Q9QAC5
Q9QMH8	L7R9I1
Q9QMH8	L7R8Z1
Q9QMH8	P03147
Q9QMH8	P03149
Q9QMH8	A0A1B2G2S7
Q9QMH8	Q67855
Q9QMH8	Q76R61
Q9QMH8	P12901
Q9QMH8	P03146
Q9QMH8	A8D6S6
A0A0B4J2E0	A0A0B4J2E0
A0A0B4J2E0	P04435
A0A0B4J2E0	A0A5B0
A0A0B4J2E0	P04437
A0A0B4J2E0	A0A075B6N1
A0A0B4J2E0	A0A0K0K1A5
A0A0B4J2E0	A0A578
A0A0B4J2E0	A0A0B4J1U6
A0A0B4J2E0	A0A584
A0A0B4J2E0	A0A5B6
B1MKD5	B1MKD5
B1MKD5	P9WKG7
O94746	O94746
O94746	Q8I6M8
O94746	P62942
O94746	P18203
O94746	P62943
O94746	P26883
P60242	P60242
Q0WUQ1	Q0WUQ1
Q8NQJ3	Q8NQJ3
Q8NQJ3	P9WJA9
A0A061IH64	A0A061IH64
A0A061IH64	Q3SX13
A0A061IH64	Q71U53
A0A061IH64	P61925
A0A061IH64	P61926
A0A061IH64	P63249
A0A061IH64	P63248
A0A2H4WKL8	A0A2H4WKL8
A0A2H4WKL8	Q4KRW9
A0A2H4WKL8	P03418
K9J4F7	K9J4F7
K9J4F7	P61024
K9J4F7	P33552
P71815	P71815
Q47897	Q47897
Q8I608	Q8I608
T2MHS6	T2MHS6
A0A3Q8Q3X3	A0A3Q8Q3X3
A8J070	A8J070
D0VX03	D0VX03
Q2U940	Q2U940
Q5ZXA3	Q5ZXA3
Q87ID2	Q87ID2
Q91EV7	Q91EV7
Q9RMX2	Q9RMX2
Q9RMX2	Q44635
B0LPN4	B0LPN4
B0LPN4	E9Q401
B0LPN4	Q92736
B0LPN4	P11716
O00585	O00585
O36019	O36019
O43602	O43602
O60609	O60609
O75683	O75683
O81108	O81108
O81108	Q9LF79
O81108	P20020
O81108	P23634
P23301	P23301
P23301	Q93VP3
P25344	P25344
P26599	P26599
P27616	P27616
P33122	P33122
P35221	P35221
P35221	P26231
P38912	P38912
P40073	P40073
P42566	P42566
P42566	P42567
P46939	P46939
P49773	P49773
P49773	P80912
P50876	P50876
P53256	P53256
P61969	P61969
P69411	P69411
P83882	P83882
P83882	P0CX27
P83882	P83881
P97378	P97378
P9WNK7	P9WNK7
Q05127	Q05127
Q05127	Q5XX07
Q05127	Q8JPY0
Q05127	Q6V1Q9
Q06609	Q06609
Q0E9H9	Q0E9H9
Q12888	Q12888
Q13421	Q13421
Q13572	Q13572
Q14126	Q14126
Q14677	Q14677
Q15149	Q15149
Q15149	Q9QXS1
Q15645	Q15645
Q5T4W7	Q5T4W7
Q6N022	Q6N022
Q6UN15	Q6UN15
Q70Z35	Q70Z35
Q84W98	Q84W98
Q84W98	Q941C5
Q8BGG7	Q8BGG7
Q8BGG7	Q8TF42
Q8BGG7	P57075
Q8N335	Q8N335
Q8N335	Q00055
Q8NFF5	Q8NFF5
Q8TB45	Q8TB45
Q8VCQ6	Q8VCQ6
Q8WXC3	Q8WXC3
Q92547	Q92547
Q92547	Q6ZQF0
Q92547	A0A1D5P3M9
Q92854	Q92854
Q949P3	Q949P3
Q96JP5	Q96JP5
Q99JB6	Q99JB6
Q9BTE1	Q9BTE1
Q9BYI3	Q9BYI3
Q9H1A4	Q9H1A4
Q9H6S1	Q9H6S1
Q9HBX9	Q9HBX9
Q9M1L7	Q9M1L7
Q9M1L7	Q3E991
Q9NY59	Q9NY59
Q9UPV7	Q9UPV7
Q9WTL8	Q9WTL8
Q9Y243	Q9Y243
Q9Y243	P31751
Q9Y243	Q9ERE3
Q9Y243	O00141
Q9Y243	Q96BR1
Q9Y243	M4MD44
Q9Y243	P31749
Q9Z0Y9	Q9Z0Y9
Q9Z0Y9	Q13133
Q9Z0Y9	P55055
Q9Z0Y9	Q62735
Q9Z0Y9	Q96RI1
Q9Z0Y9	P04625
O04567	O04567
O04567	Q9LSI9
O04567	Q9XIC7
O04567	Q01JP8
O04567	Q94AG2
O04567	Q7XV05
O04567	Q94F62
O04567	A0A1J6KCV1
P10215	P10215
P26932	P26932
P26932	P51911
P9WGK7	P9WGK7
Q89268	Q89268
Q9UNL2	Q9UNL2
A0A2P6U5M3	A0A2P6U5M3
P05866	P05866
Q58504	Q58504
Q96A98	Q96A98
A0A0H2VDX9	A0A0H2VDX9
A0A3Q7FWS2	A0A3Q7FWS2
A9UZF4	A9UZF4
F1QK17	F1QK17
O28769	O28769
Q7KQK0	Q7KQK0
Q8LKX1	Q8LKX1
Q8LKX1	E6YC17
Q9I3B1	Q9I3B1
A0A811MS43	A0A811MS43
A0A811MS43	A0A811MC32
B1Z136	B1Z136
B1Z136	B2JQF9
P88989	P88989
Q473P7	Q473P7
Q70DX5	Q70DX5
Q8EF49	Q8EF49
A0FGR8	A0FGR8
O00267	O00267
O14490	O14490
O14490	P97836
O14490	Q9D415
O14893	O14893
O15245	O15245
O15245	O15244
O30245	O30245
O43781	O43781
O43781	Q92630
O60239	O60239
O75340	O75340
O75340	P12815
O75844	O75844
O88811	O88811
O88811	O75886
O88811	Q92783
O95271	O95271
O95863	O95863
P01911	P01911
P02788	P02788
P02788	P02787
P02788	Q6YT39
P02788	P08582
P04387	P04387
P04859	P04859
P05412	P05412
P05412	P17535
P06243	P06243
P07814	P07814
P09917	P09917
P0AB71	P0AB71
P10515	P10515
P13010	P13010
P14136	P14136
P14136	P08670
P16521	P16521
P19878	P19878
P21146	P21146
P21146	P25098
P22219	P22219
P23367	P23367
P23367	Q5F8M6
P24348	P24348
P25359	P25359
P26645	P26645
P27671	P27671
P31041	P31041
P31041	P10747
P31041	P16410
P32288	P32288
P32288	P15104
P32288	Q8HZM5
P32288	P15103
P33221	P33221
P35222	P35222
P35222	Q02248
P35816	P35816
P37088	P37088
P38919	P38919
P40136	P40136
P41277	P41277
P45510	P45510
P49789	P49789
P50895	P50895
P53267	P53267
P54657	P54657
P57740	P57740
P61978	P61978
P62873	P62873
P62873	P62871
P62873	P18851
P63165	P63165
P78314	P78314
P9WGM7	P9WGM7
P9WGM7	P9WGL9
P9WGM7	P0AA16
P9WGM7	Q9RDT5
P9WGM7	P37478
P9WGM7	P0AE88
P9WP65	P9WP65
Q03468	Q03468
Q12906	Q12906
Q12906	Q9Z1X4
Q13164	Q13164
Q13422	Q13422
Q13574	Q13574
Q14134	Q14134
Q15154	Q15154
Q15648	Q15648
Q16514	Q16514
Q2NKX8	Q2NKX8
Q59H18	Q59H18
Q5T6S3	Q5T6S3
Q64663	Q64663
Q6NSJ0	Q6NSJ0
Q6UVJ0	Q6UVJ0
Q7TSJ6	Q7TSJ6
Q7TSJ6	Q9NRM7
Q7TSJ6	Q8BYR2
Q7TSJ6	O95835
Q84Y01	Q84Y01
Q8BH75	Q8BH75
Q8BH75	Q9H4P4
Q8N3J5	Q8N3J5
Q8NFG4	Q8NFG4
Q8TBG4	Q8TBG4
Q8WXD5	Q8WXD5
Q92878	Q92878
Q96CW1	Q96CW1
Q96CW1	Q3ZC13
Q96CW1	P84091
Q96CW1	P84092
Q96JZ2	Q96JZ2
Q99623	Q99623
Q99JB8	Q99JB8
Q99JB8	Q9UNF0
Q99JB8	Q9BY11
Q99JB8	O13154
Q99JB8	Q61644
Q99JB8	Q9WVE8
Q99JB8	Q1G1I6
Q9BTU6	Q9BTU6
Q9BTU6	Q8TCG2
Q9HC16	Q9HC16
Q9JKD8	Q9JKD8
Q9NRG9	Q9NRG9
Q9NY61	Q9NY61
Q9P287	Q9P287
Q9UEF7	Q9UEF7
Q9UEF7	Q86Z14
Q9UPY5	Q9UPY5
Q9UPY5	Q01650
Q9WTR1	Q9WTR1
Q9WTR1	Q9WUD2
Q9WTR1	Q9Y5S1
Q9WTR1	O35433
Q9Y251	Q9Y251
Q9Y3T9	Q9Y3T9
Q9Y613	Q9Y613
O05515	O05515
O05515	Q9X1W7
P10218	P10218
P53124	P53124
Q382U0	Q382U0
Q9EQK5	Q9EQK5
Q9EQK5	Q62667
Q9EQK5	Q14764
Q9USJ8	Q9USJ8
A0A2X0THW2	A0A2X0THW2
D0ZIB5	D0ZIB5
O05510	O05510
Q58933	Q58933
A0A0H2X6K9	A0A0H2X6K9
A0A3Q7GX91	A0A3Q7GX91
A9VBW0	A9VBW0
F1SIS9	F1SIS9
F1SIS9	Q99LC3
F1SIS9	O95299
F1SIS9	A0A8N7XJK5
F1SIS9	P34942
F1SIS9	P91929
O31896	O31896
Q121U0	Q121U0
Q7MRH8	Q7MRH8
Q8PSW1	Q8PSW1
Q8PSW1	Q8PSW8
Q9KBQ3	Q9KBQ3
A0A8D2A802	A0A8D2A802
A0A8D2A802	Q9NWT8
A0A8D2A802	Q9DCJ7
A0A8D2A802	Q0VCJ1
A0A8D2A802	A0A0M3KL57
P89883	P89883
Q47ME9	Q47ME9
Q73KE9	Q73KE9
Q981G2	Q981G2
O00291	O00291
O02810	O02810
O02810	Q9UBF8
O15259	O15259
O30916	O30916
O43257	O43257
O43865	O43865
O60244	O60244
O60826	O60826
O95278	O95278
O95970	O95970
O95970	Q9JIA1
P00550	P00550
P01133	P01133
P01133	P01132
P02259	P02259
P03502	P03502
P03502	P12601
P03502	X2C382
P04401	P04401
P04401	P05113
P04905	P04905
P05453	P05453
P06244	P06244
P06244	P36887
P06244	P05132
P06244	P00517
P06244	P17612
P06244	P25321
P06244	Q9Y2H1
P06244	Q15208
P06999	P06999
P08505	P08505
P08505	P05231
P08921	P08921
P08921	P06729
P09919	P09919
P0ABN1	P0ABN1
P0C6V6	P0C6V6
P11276	P11276
P11276	P02751
P12111	P12111
P12111	E9PWQ3
P13020	P13020
P13020	P06396
P14138	P14138
P15702	P15702
P16528	P16528
P17813	P17813
P18910	P18910
P18910	P25092
P19893	P19893
P22234	P22234
P23381	P23381
P25389	P25389
P27694	P27694
P29074	P29074
P32297	P32297
P33241	P33241
P35235	P35235
P35235	Q06124
P35235	P29350
P35844	P35844
P41279	P41279
P45594	P45594
P45594	P23528
P46948	P46948
P46948	Q9NPD3
P46948	Q9V119
P46948	O29757
P46948	O26779
P46948	Q9UXC2
P49790	P49790
P50914	P50914
P52292	P52292
P52292	O60684
P52292	P52294
P53298	P53298
P54725	P54725
P54725	P54727
P55264	P55264
P55264	P55263
P55264	Q9TVW2
P57768	P57768
P62877	P62877
P62877	Q9UBF6
P69718	P69718
P69718	P04619
P69718	P04616
P69718	P04618
P78317	P78317
P84040	P84040
P9WGU1	P9WGU1
P9WPE9	P9WPE9
P9WPE9	P10809
Q01083	Q01083
Q02294	Q02294
Q02294	Q00975
Q02294	Q05152
Q02294	P22002
Q02294	P15381
Q02294	Q13936
Q03497	Q03497
Q06675	Q06675
Q13425	Q13425
Q13425	Q61234
Q13425	Q13884
Q13591	Q13591
Q14137	Q14137
Q14684	Q14684
Q15649	Q15649
Q16515	Q16515
Q16515	P78348
Q43295	Q43295
Q5T890	Q5T890
Q60769	Q60769
Q60769	P21580
Q6NUF4	Q6NUF4
Q6NUF4	Q9ULW0
Q6UVK1	Q6UVK1
Q71RC2	Q71RC2
Q8BIL5	Q8BIL5
Q8K183	Q8K183
Q8K183	O00764
Q8K183	P82197
Q8TBN0	Q8TBN0
Q8VDL4	Q8VDL4
Q8WXE1	Q8WXE1
Q92879	Q92879
Q96KB5	Q96KB5
Q99627	Q99627
Q99K74	Q99K74
Q99K74	O75448
Q9BTX1	Q9BTX1
Q9BYJ9	Q9BYJ9
Q9BYJ9	Q9Y5A9
Q9FDX8	Q9FDX8
Q9H1R3	Q9H1R3
Q9H1R3	P07313
Q9H706	Q9H706
Q9HC35	Q9HC35
Q9JKD9	Q9JKD9
Q9NRH2	Q9NRH2
Q9NY74	Q9NY74
Q9P289	Q9P289
Q9P289	O00506
Q9P289	Q9Y6E0
Q9UER7	Q9UER7
Q9ULV5	Q9ULV5
Q9ULV5	Q00613
Q9WUB0	Q9WUB0
Q9WUB0	Q9BYM8
Q9Y259	Q9Y259
Q9Y259	P35790
Q9Y259	Q22942
Q9Y3Z3	Q9Y3Z3
Q9Y3Z3	Q60710
Q9Y616	Q9Y616
P03185	P03185
P10727	P10727
P9WMJ3	P9WMJ3
Q3E7C1	Q3E7C1
Q9USX3	Q9USX3
P07818	P07818
P07818	P14635
P69808	P69808
P69808	P32676
Q27YU0	Q27YU0
A0A0H2ZI10	A0A0H2ZI10
A0A0H2ZI10	Q9HUV7
O32393	O32393
Q7SHR6	Q7SHR6
Q9KFE5	Q9KFE5
B3EYL7	B3EYL7
G0SH78	G0SH78
P96257	P96257
Q4DBB7	Q4DBB7
Q4DBB7	Q382E8
Q4DBB7	Q4Q5L8
Q74BH2	Q74BH2
Q8JJ25	Q8JJ25
Q98BZ3	Q98BZ3
A0R3F9	A0R3F9
O00303	O00303
O03042	O03042
O14508	O14508
O14508	B6RCQ2
O14508	C0LEJ4
O14508	O35718
O43293	O43293
O43293	Q16566
O43909	O43909
O60829	O60829
O75369	O75369
O75369	P21333
O75909	O75909
O95292	O95292
O95971	O95971
P01135	P01135
P02836	P02836
P04406	P04406
P04406	P0A9B6
P04406	P50362
P05455	P05455
P06280	P06280
P08514	P08514
P08514	P06756
P08922	P08922
P09936	P09936
P0AD61	P0AD61
P0AD61	Q02499
P0AD61	P30613
P0AD61	P12928
P0AD61	P11974
P0AD61	P11979
P0AD61	P14618
P0AD61	Q5CSM7
P0AD61	P00549
P0AD61	C6KTA4
P0AD61	P21599
P12259	P12259
P13029	P13029
P16575	P16575
P22288	P22288
P22288	P30793
P23396	P23396
P23396	P62908
P23396	P62909
P25440	P25440
P29083	P29083
P30040	P30040
P31057	P31057
P31057	P9WIL7
P35236	P35236
P37177	P37177
P37177	Q83BF9
P37177	Q6FEW8
P38931	P38931
Q62627	Q62627
Q7L0J3	Q7L0J3
Q80U87	Q80U87
Q80U87	P40818
Q8DNS0	Q8DNS0
Q8DNS0	A0A0H3JZ56
Q8DNS0	A0A0H3JME9
Q8NCD3	Q8NCD3
Q8RSY1	Q8RSY1
Q8TEP8	Q8TEP8
Q8WV44	Q8WV44
Q93VD3	Q93VD3
Q93VD3	Q9LZW4
Q93VD3	Q9LDI3
Q96PY6	Q96PY6
Q99257	Q99257
Q9BRZ2	Q9BRZ2
Q9BXC1	Q9BXC1
Q9BXC1	P25105
Q9C9B9	Q9C9B9
Q9H063	Q9H063
Q9H4A6	Q9H4A6
Q9H4A6	Q06385
Q9HAT8	Q9HAT8
Q9LQT8	Q9LQT8
Q9NVU7	Q9NVU7
Q9NVU7	P53313
Q9P0M2	Q9P0M2
Q9P0M2	Q6JP77
Q9QYR6	Q9QYR6
Q9UI10	Q9UI10
Q9UKN8	Q9UKN8
Q9VHV8	Q9VHV8
Q9XTW2	Q9XTW2
Q9Y365	Q9Y365
Q9Y6X9	Q9Y6X9
O74824	O74824
O74824	Q00582
P19632	P19632
P19632	P20942
P41910	P41910
P76016	P76016
Q12493	Q12493
Q5JD03	Q5JD03
I3L5B0	I3L5B0
O94503	O94503
O94503	P24863
P53889	P53889
Q06240	Q06240
Q8NI16	Q8NI16
Q8NI16	P22607
Q8NI16	P22455
Q8NI16	P21803
Q8NI16	P21802
Q8NI16	P16092
Q8NI16	P11362
Q9LW00	Q9LW00
A0A061FLD4	A0A061FLD4
K7VIQ3	K7VIQ3
P69824	P69824
Q6N3S7	Q6N3S7
S7XVG3	S7XVG3
D0VWS0	D0VWS0
O41938	O41938
Q2T6J3	Q2T6J3
Q5ZU83	Q5ZU83
Q86RB0	Q86RB0
Q86RB0	Q4DSV5
Q86RB0	Q385V6
Q86RB0	Q9GU80
Q9RIM2	Q9RIM2
A9LNK9	A9LNK9
O00170	O00170
O00170	O08915
O00571	O00571
O14777	O14777
O15123	O15123
O15123	Q15389
O18330	O18330
O54918	O54918
O54918	O43521
P49017	P49017
P49795	P49795
P52303	P52303
P52303	P63010
P52303	Q10567
P54748	P54748
P54748	P27815
P55271	P55271
P55271	P42771
P58004	P58004
P78325	P78325
P9WH13	P9WH13
P9WPX3	P9WPX3
Q01094	Q01094
Q02375	Q02375
Q03532	Q03532
Q05209	Q05209
Q05209	P29352
Q05209	Q9Y2R2
Q06705	Q06705
Q08224	Q08224
Q13432	Q13432
Q14152	Q14152
Q15654	Q15654
Q16537	Q16537
Q16537	Q15172
Q195N6	Q195N6
Q2VL90	Q2VL90
Q2VL90	Q2VLG4
Q6UX46	Q6UX46
Q8BRU4	Q8BRU4
Q8N4S9	Q8N4S9
Q8NFU5	Q8NFU5
Q8TCG1	Q8TCG1
Q8WXI2	Q8WXI2
Q92574	Q92574
Q92900	Q92900
Q94AT3	Q94AT3
Q96DU7	Q96DU7
Q96KN7	Q96KN7
Q96KN7	Q68CZ1
Q99640	Q99640
Q9BUB5	Q9BUB5
Q9BUB5	Q9HBH9
Q9D7B1	Q9D7B1
Q9D7B1	Q9NX74
Q9FHD7	Q9FHD7
Q9H244	Q9H244
Q9H792	Q9H792
Q9HC77	Q9HC77
Q9JLB2	Q9JLB2
Q9JLB2	Q8N3R9
Q9NRR6	Q9NRR6
Q9NYB0	Q9NYB0
Q9S745	Q9S745
Q9UJ70	Q9UJ70
Q9Y285	Q9Y285
Q9Y478	Q9Y478
Q9Y478	P80386
Q9Y478	Q9QZH4
Q9Y478	O43741
A0A1H7TQR5	A0A1H7TQR5
O14198	O14198
Q00756	Q00756
Q00756	Q16821
Q8DKG0	Q8DKG0
Q8DKG0	Q9KHI5
Q9HLA5	Q9HLA5
Q9HLA5	Q58530
Q9WYB1	Q9WYB1
Q9WYB1	P38502
O26803	O26803
O26803	Q9V0U0
P08407	P08407
P37562	P37562
P74569	P74569
Q2G1E0	Q2G1E0
Q5CZ29	Q5CZ29
A0A504XWY9	A0A504XWY9
F4KC77	F4KC77
O41974	O41974
Q1CMW6	Q1CMW6
Q7T2G3	Q7T2G3
Q7T2G3	Q08050
Q8UHA8	Q8UHA8
Q9KQS3	Q9KQS3
Q9KQS3	P13633
A0A0H2USH8	A0A0H2USH8
A0A0H2USH8	P37081
A0A0H2USH8	P26380
A0A0H2USH8	Q8RD54
A0A0H2USH8	Q8XAB8
A0A0H2USH8	Q9A0T4
B4EB35	B4EB35
A0A024B7W1	A0A024B7W1
A0A024B7W1	A0A142I5B9
A0A024B7W1	Q32ZE1
A0A024B7W1	Q9WDA6
A0A024B7W1	P12823
A0A024B7W1	P07564
A0A024B7W1	P29990
A0A024B7W1	P29991
A0A024B7W1	P14337
A0A024B7W1	P14340
A8IP97	A8IP97
E2RU97	E2RU97
E2RU97	P31946
E2RU97	P27348
E2RU97	Q9CQV8
E2RU97	P63101
E2RU97	P63104
E2RU97	P63103
E2RU97	Q3SZI4
E2RU97	P68510
E2RU97	Q04917
E2RU97	P61981
E2RU97	P62258
E2RU97	P31947
E2RU97	P29311
E2RU97	C5DN49
E2RU97	P48349
O00139	O00139
O08839	O08839
O08839	O00499
O14746	O14746
O15554	O15554
O35867	O35867
O60566	O60566
O74429	O74429
O75586	O75586
O76411	O76411
O94992	O94992
O95622	O95622
P00450	P00450
P01019	P01019
P01019	P01015
P01501	P01501
P02679	P02679
P02679	P02675
P04157	P04157
P04157	P08575
P06744	P06744
P09493	P09493
P09493	P06753
P0A799	P0A799
P0A799	Q7SIB7
P0A799	P00559
P0A799	P00558
P0A799	P09041
P0A799	P09411
P0A799	P00560
P0A799	P09403
P0C0S1	P0C0S1
P10997	P10997
P10997	P12969
P12689	P12689
P13647	P13647
P13647	P04264
P13647	P13645
P14712	P14712
P14712	B4YB07
P14712	Q6XFQ4
P14712	I1MGE5
P14712	P14713
P14712	P93527
P16157	P16157
P17256	P17256
P17256	Q03426
P17256	A0A1D1VW28
P19490	P19490
P19490	P42261
P19490	P19491
P19490	P42262
P19490	P19493
P19490	P23818
P19490	P23819
P19490	P42264
P21741	P21741
P21741	P21246
P23743	P23743
P25021	P25021
P25021	P07550
P25963	P25963
P28335	P28335
P28335	P08909
P28335	P28223
P28335	P14842
P43298	P43298
P43298	Q9SIT1
P49598	P49598
P49598	O04719
P49598	P49597
P50461	P50461
P53905	P53905
P55040	P55040
P55040	P55042
P61588	P61588
P61588	Q92730
P61588	P61587
P62424	P62424
P67874	P67874
P67874	P28021
P67874	P67870
P70671	P70671
P70671	Q14653
P98170	P98170
P98170	Q13489
P98170	Q13490
Q00604	Q00604
Q01844	Q01844
Q03112	Q03112
Q08AM6	Q08AM6
Q12461	Q12461
Q13085	Q13085
Q13085	O00763
Q13309	Q13309
Q13526	Q13526
Q13889	Q13889
Q14451	Q14451
Q14451	Q14449
Q14451	Q13322
Q14451	Q60760
Q15025	Q15025
Q15025	Q9WUU8
Q15506	Q15506
Q16690	Q16690
Q26261	Q26261
Q3S4A7	Q3S4A7
Q53HL2	Q53HL2
Q61097	Q61097
Q61097	Q6VAB6
Q61097	Q8IVT5
Q61097	Q24170
Q62384	Q62384
Q63ZY3	Q63ZY3
Q6PKG0	Q6PKG0
Q7KZF4	Q7KZF4
Q7Z6J0	Q7Z6J0
Q86W50	Q86W50
Q8CJ67	Q8CJ67
Q8IXH6	Q8IXH6
Q8NBP7	Q8NBP7
Q8R4L0	Q8R4L0
Q8R4L0	Q9H6Q3
Q8TE76	Q8TE76
Q8TE76	Q14149
Q8TE76	F7BJB9
Q8WUM0	Q8WUM0
Q96A49	Q96A49
Q96H22	Q96H22
Q96PM5	Q96PM5
Q99075	Q99075
Q99836	Q99836
Q9BRS2	Q9BRS2
Q9BWF3	Q9BWF3
Q9GZV9	Q9GZV9
Q9HAD4	Q9HAD4
Q9JHD1	Q9JHD1
Q9JHD1	Q92831
Q9LKW9	Q9LKW9
Q9NVP2	Q9NVP2
Q9NVP2	Q9Y294
Q9QYJ6	Q9QYJ6
Q9SYT0	Q9SYT0
Q9SYT0	P14668
Q9SYT0	P26256
Q9SYT0	P17785
Q9SYT0	P07355
Q9SYT0	P07356
Q9SYT0	P04083
Q9SYT0	P19619
Q9UHR4	Q9UHR4
Q9UHR4	Q9DBJ3
Q9UHR4	Q9UQB8
Q9UKG1	Q9UKG1
Q9VDE4	Q9VDE4
Q9Y2U5	Q9Y2U5
Q9Y2U5	Q99759
Q9Y584	Q9Y584
Q9Y6W5	Q9Y6W5
Q9Y6W5	Q92558
P0AFW4	P0AFW4
P0AFW4	Q82T10
P39583	P39583
P39583	W8U368
P39583	O31611
P69829	P69829
Q12245	Q12245
Q5EP34	Q5EP34
Q5EP34	O89752
Q5EP34	P13166
Q5EP34	Q9Q0U9
Q5EP34	P13175
Q5EP34	Q17TI0
Q5EP34	C3W5S0
Q5EP34	M9QLS3
Q5EP34	P03434
Q5EP34	Q1AR05
Q5EP34	Q91R78
Q5EP34	C3W5X6
Q5EP34	M9TI86
Q5EP34	P03433
Q5EP34	P15659
Q5EP34	M9V5A4
Q5EP34	Q809J3
Q5EP34	D3YNB8
Q5EP34	D4HIS2
Q5EP34	P31343
Q5EP34	Q9EA60
Q5EP34	Q3HM39
Q5EP34	Q9YXL3
Q5EP34	Q5V8Z9
Q5EP34	O36432
Q9P104	Q9P104
A0A0B4J274	A0A0B4J274
A0A0B4J274	A0A0B4J240
A0A0B4J274	A0A0B4J279
A0A0B4J274	A0A075B6T6
A0A0B4J274	A0A0B4J271
A0A0B4J274	A0A087WT01
A0A0B4J274	A0A0B4J272
A9RKG8	A9RKG8
A9RKG8	Q9LX29
P49850	P49850
Q41261	Q41261
Q6L1T9	Q6L1T9
Q8LB17	Q8LB17
Q9L523	Q9L523
Q9L523	P35164
A0A254U4M1	A0A254U4M1
A6LW08	A6LW08
A6LW08	W8QF84
D1A2F7	D1A2F7
P62144	P62144
P62144	P62150
P62144	Q39890
P62144	P06787
P62144	P0DP23
P62144	P0DP24
P62144	P0DP25
P62144	P0DP26
P62144	P0DP29
P62144	P0DP30
P62144	P0DP31
P62144	P62152
P62144	P59220
P62144	P62157
P62144	P0DP33
P62144	P0DP34
P62144	P0DP35
P62144	P62149
P62144	Q8WSQ4
P62144	P63316
P62144	P06704
P62144	P10916
P62144	P51667
P62144	P38505
P62144	Q09196
Q8DT64	Q8DT64
Q8DT64	Q9RDT3
Q8DT64	Q9KU10
S7UT92	S7UT92
S7UT92	Q13523
A0A2K3DL29	A0A2K3DL29
A5Z9C0	A5Z9C0
C8WS74	C8WS74
O41925	O41925
Q5ZTM4	Q5ZTM4
Q831B0	Q831B0
Q8YAF1	Q8YAF1
Q9LJQ6	Q9LJQ6
A8MW95	A8MW95
A8MW95	Q91XJ1
A8MW95	Q14457
A8MW95	O88597
A8MW95	Q4A1L5
E7EZF3	E7EZF3
E7EZF3	Q96T88
O08908	O08908
O08908	P23726
O08908	O00459
O08908	P23727
O08908	P27986
O08908	Q63787
O14757	O14757
O15648	O15648
O35904	O35904
O35904	O00329
O35904	P42337
O35904	P42336
O35904	P32871
O35904	Q8BTI9
O35904	A0A8D1WUA4
O35904	P48736
O35904	O02697
O43581	O43581
O43581	P21707
O43581	P21579
O43581	P46096
O75592	O75592
O75592	Q7TPH6
O80358	O80358
O95049	O95049
O95630	O95630
P01024	P01024
P01024	P0C0L4
P02686	P02686
P04631	P04631
P04631	P04271
P04631	P02638
P04631	P60903
P05888	P05888
P05888	P03349
P05888	Q70622
P05888	P35962
P05888	P04591
P05888	P12493
P05888	P12495
P05888	P03347
P05888	Q9WC62
P05888	P24736
P05888	Q79665
P05888	P04590
P05888	P18041
P05888	P18095
P08200	P08200
P08660	P08660
P09496	P09496
P0A7B1	P0A7B1
P11021	P11021
P11021	P0DMV9
P11021	P11142
P11021	P0DMV8
P11021	P10591
P11021	P11484
P12755	P12755
P13667	P13667
P15389	P15389
P15389	Q14524
P15389	Q15858
P15389	P04775
P16220	P16220
P18206	P18206
P20676	P20676
P21793	P21793
P22692	P22692
P22692	P24593
P22692	P17936
P22692	P08833
P25054	P25054
P25054	Q61315
P25976	P25976
P31809	P31809
P31809	P13688
P34760	P34760
P36578	P36578
P41145	P41145
P41145	P31391
P41145	P35372
P41145	P41143
P41145	P32300
P41145	P42866
P43307	P43307
P46663	P46663
P46663	P30556
P46663	P30411
P46663	Q13304
P48426	P48426
P48426	P78356
P48426	Q8TBX8
P50479	P50479
P53974	P53974
P56537	P56537
P60706	P60706
P60706	P60709
P60706	Q6QAQ1
P60706	P60712
P60706	P63261
P60706	P60010
P63027	P63027
P80197	P80197
P91682	P91682
Q00609	Q00609
Q01860	Q01860
Q03135	Q03135
Q12527	Q12527
Q13315	Q13315
Q13535	Q13535
Q13895	Q13895
Q15047	Q15047
Q15545	Q15545
Q26998	Q26998
Q53W83	Q53W83
Q53W83	Q12CR9
Q53W83	Q96XN9
Q5ZRQ0	Q5ZRQ0
Q6Q0C0	Q6Q0C0
Q6ZPF3	Q6ZPF3
Q7KZI7	Q7KZI7
Q7KZI7	Q9P0L2
Q7KZI7	O08679
Q7KZI7	P27448
Q7KZI7	Q03141
Q7KZI7	Q96L34
Q7Z6Z7	Q7Z6Z7
Q8CJH3	Q8CJH3
Q8CJH3	O43157
Q8IXH7	Q8IXH7
Q8NBT2	Q8NBT2
Q8TEH3	Q8TEH3
Q8WV28	Q8WV28
Q8WV28	Q9QUN3
Q92772	Q92772
Q92772	Q8IVW4
Q93100	Q93100
Q93100	P46020
Q96A54	Q96A54
Q96HA7	Q96HA7
Q99104	Q99104
Q9BRV8	Q9BRV8
Q9BXB4	Q9BXB4
Q9C6B8	Q9C6B8
Q9C6B8	Q9S7Z8
Q9EQG6	Q9EQG6
Q9H040	Q9H040
Q9LQF2	Q9LQF2
Q9NQT4	Q9NQT4
Q9NQT4	Q84T68
Q9NQT4	G5EG59
Q9NVR2	Q9NVR2
Q9P0L9	Q9P0L9
Q9T041	Q9T041
Q9UKM9	Q9UKM9
Q9UNE7	Q9UNE7
Q9UNE7	Q9WUD1
Q9VE13	Q9VE13
Q9XII1	Q9XII1
Q9Y2X3	Q9Y2X3
Q9Y2X3	O00567
Q9Y6W6	Q9Y6W6
S4R2P9	S4R2P9
S4R2P9	P32418
D3ZCE5	D3ZCE5
O74544	O74544
P40719	P40719
P71403	P71403
P71403	O58193
P71403	P0A2D5
P71403	A0A0H3AMJ9
P71403	P0AE67
Q12453	Q12453
A0A0B4J277	A0A0B4J277
A0A0B4J277	A0A087WSZ9
P51183	P51183
P51183	P23533
P51183	Q8R7R4
P51183	P08839
Q05905	Q05905
A0A287B929	A0A287B929
A6TED5	A6TED5
K5BDW2	K5BDW2
Q6J4H1	Q6J4H1
Q8EII0	Q8EII0
S7VRX1	S7VRX1
A0A2U9GDM4	A0A2U9GDM4
A7B6P0	A7B6P0
D0UZN7	D0UZN7
O41931	O41931
Q2T1A8	Q2T1A8
Q2T1A8	Q3JW77
Q2T1A8	Q9K082
Q5ZTW8	Q5ZTW8
Q5ZTW8	Q837E0
Q5ZTW8	Q9FD68
Q5ZTW8	Q9FD84
Q5ZTW8	Q9FD73
Q5ZTW8	E8N6F3
Q5ZTW8	Q9A097
Q8YZM9	Q8YZM9
Q9LM78	Q9LM78
O00168	O00168
O14763	O14763
O14763	O00220
O15117	O15117
O43586	O43586
O54916	O54916
O60602	O60602
O75643	O75643
O80452	O80452
O95071	O95071
O95633	O95633
P01033	P01033
P01579	P01579
P02699	P02699
P04183	P04183
P05889	P05889
P09514	P09514
P0A7B5	P0A7B5
P10244	P10244
P11047	P11047
P11799	P11799
P11799	Q15746
P12814	P12814
P12814	P35609
P12814	O43707
P14719	P14719
P14719	P14778
P15391	P15391
P17405	P17405
P18378	P18378
P20700	P20700
P20700	P02545
P20700	Q03252
P21796	P21796
P21796	Q60932
P23772	P23772
P23772	P23771
P28352	P28352
P28352	P27695
P29477	P29477
P29477	P29474
P29477	P29473
P30622	P30622
P31943	P31943
P31943	P52597
P31943	P55795
P32776	P32776
P34808	P34808
P36871	P36871
P36871	P47244
P39723	P39723
P43351	P43351
P46669	P46669
P50549	P50549
P50549	P43268
P51858	P51858
P53985	P53985
P63048	P63048
P63048	P63053
P63048	P0CH07
P63048	P62984
P63048	P0DXC2
P63048	P62987
P63048	P0CH08
P63048	P18101
P63048	P0CH09
P68104	P68104
P68104	P68105
P68104	P02994
P68104	Q05639
P71451	P71451
P9WIN5	P9WIN5
Q00610	Q00610
Q00610	P11442
Q00610	Q68FD5
Q06253	Q06253
Q09013	Q09013
Q12650	Q12650
Q13098	Q13098
Q13541	Q13541
Q13541	Q13542
Q13905	Q13905
Q14469	Q14469
Q15054	Q15054
Q15831	Q15831
Q16760	Q16760
Q27934	Q27934
Q5SRE5	Q5SRE5
Q60365	Q60365
O95150	O95150
O95671	O95671
P01042	P01042
P04233	P04233
P05161	P05161
P08729	P08729
P08729	P05787
P0A7E9	P0A7E9
P10275	P10275
P10275	P19091
P10275	P15207
P10275	O97775
P10275	P06401
P11831	P11831
P12821	P12821
P14753	P14753
P14753	P19235
P16286	P16286
P16286	P06747
P16286	Q0GBY3
P16286	P22363
P16286	P15198
P16286	Q9IPJ8
P16286	P0C569
P16286	O56774
P18484	P18484
P18484	P17427
P22829	P22829
P22829	P22736
P25101	P25101
P26041	P26041
P26041	P26038
P26041	P26043
P26041	P15311
P26041	P35240
P26041	P46662
P26041	Q24564
P29590	P29590
P32790	P32790
P38629	P38629
P38629	P35250
P39779	P39779
P41160	P41160
P41160	P41159
P42330	P42330
P42330	P52895
P46682	P46682
P48539	P48539
P50579	P50579
P51946	P51946
P52948	P52948
P54132	P54132
P60761	P60761
P75548	P75548
P75548	Q9S1H5
P75548	Q9RE09
P92941	P92941
P9WFK7	P9WFK7
P9WJK3	P9WJK3
Q00653	Q00653
Q00653	P19838
Q00653	P25799
Q06265	Q06265
Q07845	Q07845
Q09161	Q09161
Q12748	Q12748
Q13330	Q13330
Q13946	Q13946
Q14511	Q14511
Q14511	Q63767
Q14511	Q61140
Q14511	P56945
Q15080	Q15080
Q15596	Q15596
Q15596	Q15788
Q15596	Q9Y6Q9
Q15848	Q15848
Q15848	Q60994
Q3U182	Q3U182
Q54HG2	Q54HG2
Q5SWZ9	Q5SWZ9
Q60598	Q60598
Q60598	Q14247
Q62645	Q62645
Q62645	O15399
Q6IA86	Q6IA86
Q6IA86	Q91WG4
Q6ZW76	Q6ZW76
Q7L2J0	Q7L2J0
Q80XZ4	Q80XZ4
Q86XR7	Q86XR7
Q8DXM9	Q8DXM9
Q8DXM9	Q9CM00
Q8N157	Q8N157
Q8ND04	Q8ND04
Q8RY73	Q8RY73
Q8TEV9	Q8TEV9
Q8WVK7	Q8WVK7
Q93VR3	Q93VR3
Q96B36	Q96B36
Q96HR3	Q96HR3
Q96Q15	Q96Q15
Q9BSA9	Q9BSA9
Q9BXS9	Q9BXS9
Q9BXS9	Q8BU91
Q9BXS9	Q7LBE3
Q9CQJ2	Q9CQJ2
Q9CQJ2	Q9NWS0
Q9H0E2	Q9H0E2
Q9H4B6	Q9H4B6
Q9H4B6	Q8VEB2
Q9HAV4	Q9HAV4
Q9NQW6	Q9NQW6
Q9P0R6	Q9P0R6
Q9UI17	Q9UI17
Q9UKV3	Q9UKV3
Q9UNN5	Q9UNN5
Q9Y5C1	Q9Y5C1
Q9YGY0	Q9YGY0
Q9YGY0	O35625
Q9YGY0	O15169
Q9YGY0	O70239
Q9YGY0	Q9Y2T1
W0T9X4	W0T9X4
O93732	O93732
P0C0F6	P0C0F6
P23222	P23222
P42847	P42847
P80868	P80868
Q5RK10	Q5RK10
Q5RK10	G1TVS8
Q5RK10	P19253
Q5RK10	P40429
Q5RK10	Q9XSU0
Q7SIC3	Q7SIC3
Q7SIC3	P41977
Q7SIC3	P04179
Q96L94	Q96L94
A0A0G2K8Z9	A0A0G2K8Z9
A0A0G2K8Z9	Q9NQT8
P00557	P00557
P62947	P62947
P62947	P62948
P62947	P62945
P62947	A0A087WNH4
Q8PUB8	Q8PUB8
E3TGV8	E3TGV8
K9ZI18	K9ZI18
Q6N7G5	Q6N7G5
U3KQA6	U3KQA6
D0VX07	D0VX07
Q87SR8	Q87SR8
Q91WY9	Q91WY9
Q9RY20	Q9RY20
Q9RY20	M9XB82
Q9RY20	A1R8G0
B1H267	B1H267
B1H267	Q9Y5X3
B1H267	Q9D8U8
O00622	O00622
O15162	O15162
O36307	O36307
O43603	O43603
O75689	O75689
O81223	O81223
O81223	Q8LAS7
O95155	O95155
O95684	O95684
P01089	P01089
P01586	P01586
P04234	P04234
P04234	P09693
P05919	P05919
P07363	P07363
P07363	P09384
P07363	Q56310
P07363	O85747
P0C1S8	P0C1S8
P0DMC5	P0DMC5
P10276	P10276
P10276	Q03181
P10276	Q07869
P10276	P19793
P10276	P24468
P10276	O08580
P10276	P11474
P11836	P11836
P13725	P13725
P16297	P16297
P16297	P14784
P18509	P18509
P19538	P19538
P20807	P20807
P21827	P21827
P23837	P23837
P23837	P0DM80
P31948	P31948
P32851	P32851
P34902	P34902
P34902	P31785
P38632	P38632
P39838	P39838
P42335	P42335
P42335	B2RXC2
P43563	P43563
P43563	P40484
P46776	P46776
P48551	P48551
P50591	P50591
P51948	P51948
P53010	P53010
P54277	P54277
P55081	P55081
P56778	P56778
P63086	P63086
P63086	P28482
P63086	P27361
P63086	G4N374
P63086	A8BZ95
P63086	Q5CRJ8
P63086	P06493
P63086	P24941
P63086	Q00526
P63086	P06242
P63086	A0A3Q8ITZ9
P63086	A0A3S7WR45
P63086	P47811
P63086	A9UJZ9
P63086	Q16539
P63086	Q15759
P63086	P16892
P63086	Q00532
P63086	Q39024
P63086	Q39026
P63086	P17157
P63086	Q07785
P63086	Q00535
P63086	P50750
P63086	P50613
P63086	A2F9N1
P63086	P28523
P63086	J9VNH4
P63086	Q08467
P63086	P15790
P63086	Q5U5J2
P63086	P68400
P63086	P19784
P63086	A0A1D8PUA2
P63086	P19139
P63086	Q8IIR9
P63086	Q5KF69
P76015	P76015
P9WK61	P9WK61
Q00684	Q00684
Q02078	Q02078
Q02078	Q14814
Q03164	Q03164
Q04863	Q04863
Q04863	Q01201
Q06324	Q06324
Q12769	Q12769
Q13352	Q13352
Q13976	Q13976
Q13976	P00516
Q13976	Q13237
Q13976	Q64595
Q15084	Q15084
Q15599	Q15599
Q15599	O14745
Q28146	Q28146
Q28146	Q9CS84
Q28146	Q9ULB1
Q28146	Q63372
Q3U6Q4	Q3U6Q4
Q5SXA9	Q5SXA9
Q5SXA9	Q8IX03
Q6R327	Q6R327
Q6ZWJ1	Q6ZWJ1
Q7L5N1	Q7L5N1
Q86Y07	Q86Y07
Q8EIX3	Q8EIX3
Q8N159	Q8N159
Q8ND56	Q8ND56
Q8S307	Q8S307
Q8WVV5	Q8WVV5
Q92796	Q92796
Q92796	Q62936
Q92796	Q62696
Q92796	P31007
Q92796	Q12959
Q92796	Q811D0
Q92796	Q91XM9
Q92796	Q15700
Q92796	Q63622
Q92796	A0A369SI82
Q92796	A9UT73
Q92796	P78352
Q92796	P31016
Q93YN9	Q93YN9
Q96B86	Q96B86
Q96Q77	Q96Q77
Q96Q77	Q99828
Q99490	Q99490
Q99958	Q99958
Q9BSB4	Q9BSB4
Q9BXW9	Q9BXW9
Q9CQJ4	Q9CQJ4
Q9ERK0	Q9ERK0
Q9H0H5	Q9H0H5
Q9H4H8	Q9H4H8
Q9HAW4	Q9HAW4
Q9LT31	Q9LT31
Q9NR12	Q9NR12
Q9NWV8	Q9NWV8
Q9P0U3	Q9P0U3
Q9QZL0	Q9QZL0
Q9QZL0	Q9Y572
Q9UI36	Q9UI36
Q9UNQ0	Q9UNQ0
Q9VXN9	Q9VXN9
Q9XVI2	Q9XVI2
Q9Y3A3	Q9Y3A3
Q9Y5J6	Q9Y5J6
Q9YN02	Q9YN02
G3XDA1	G3XDA1
G3XDA1	Q9I788
O95661	O95661
P42938	P42938
Q2FWC7	Q2FWC7
Q2FWC7	Q6G7I0
Q7WY62	Q7WY62
J9VIT7	J9VIT7
P01515	P01515
Q15434	Q15434
Q52LA3	Q52LA3
Q8PW39	Q8PW39
Q8PW39	Q12TI0
Q8PW39	Q58487
Q9PY93	Q9PY93
Q9PY93	Q03243
Q9PY93	A2T3P0
A0A2P6TMI2	A0A2P6TMI2
A7T0H5	A7T0H5
A7T0H5	A7RF52
A7T0H5	F2UPG5
A7T0H5	Q00168
A7T0H5	P11798
A7T0H5	D6R938
A7T0H5	Q13557
A7T0H5	P11275
A7T0H5	Q9UQM7
A7T0H5	Q6PHZ2
E5RFS5	E5RFS5
L8H477	L8H477
P77493	P77493
Q4Q6K7	Q4Q6K7
Q8IDW1	Q8IDW1
Q8IDW1	P11802
Q8IDW1	Q00534
Q8IDW1	Q9UQB9
Q8IDW1	Q6DE08
Q8IDW1	Q96GD4
Q8IDW1	P97477
Q8IDW1	O14965
U3KRF3	U3KRF3
A0A5S8WF70	A0A5S8WF70
A8J9H7	A8J9H7
D1ABX1	D1ABX1
Q38789	Q38789
Q665C6	Q665C6
Q884G2	Q884G2
Q92AT7	Q92AT7
Q92AT7	Q836U6
Q9UVD4	Q9UVD4
F4JL28	F4JL28
O00213	O00213
O11457	O11457
O11457	Q7T9D9
O11457	Q66814
O11457	Q05320
O11457	P87666
O11457	P87671
O11457	Q1PDC7
O11457	P35254
O15164	O15164
O15164	Q9UPN9
O18734	O18734
O43612	O43612
O55029	O55029
O55029	P35606
O60658	O60658
O75691	O75691
O82656	O82656
O95163	O95163
O95163	Q7TT37
O95747	O95747
O95747	Q9Z1W9
O95747	Q9UEW8
P01588	P01588
P04739	P04739
P06782	P06782
P06782	O74536
P06782	O18645
P06782	Q13131
P06782	P54645
P06782	P54646
P06782	Q5EG47
P07379	P07379
P07379	P35558
P08253	P08253
P10300	P10300
P11166	P11166
P11166	P14672
P11881	P11881
P11881	P29994
P13796	P13796
P18615	P18615
P22893	P22893
P22893	P26651
P23872	P23872
P25116	P25116
P29617	P29617
P31994	P31994
P31994	P12318
P32860	P32860
P34925	P34925
P34925	Q7JQT0
P38634	P38634
P41182	P41182
P43601	P43601
P46777	P46777
P48552	P48552
P51955	P51955
P53038	P53038
P54278	P54278
P54278	P14242
P55085	P55085
P56780	P56780
P56780	P05146
P56780	Q9XQR3
P61898	P61898
P61898	J9PBR9
P93193	P93193
P9WGH9	P9WGH9
P9WKD1	P9WKD1
Q03173	Q03173
Q04887	Q04887
Q04887	P48436
Q09472	Q09472
Q09472	Q92793
Q12778	Q12778
Q12778	O43524
Q13363	Q13363
Q13363	P56545
Q13554	Q13554
Q13554	Q13555
Q13554	P08413
Q13554	O62305
Q14002	Q14002
Q14527	Q14527
Q155Q3	Q155Q3
Q155Q3	Q80Y83
Q15910	Q15910
Q15910	Q61188
Q16816	Q16816
Q16816	P00518
Q16816	P15735
Q3UHJ0	Q3UHJ0
Q3UHJ0	Q2M2I8
Q567U6	Q567U6
Q5T0W9	Q5T0W9
Q62717	Q62717
Q62717	Q9ULU8
Q64364	Q64364
Q6ID70	Q6ID70
Q6RHR9	Q6RHR9
Q6RHR9	Q96QZ7
Q6RHR9	Q5TCQ9
Q6RHR9	Q9WVQ1
Q6RHR9	Q86UL8
Q7L804	Q7L804
Q80YQ2	Q80YQ2
Q86YP4	Q86YP4
Q8GW78	Q8GW78
Q8IY47	Q8IY47
Q8N163	Q8N163
Q8NE01	Q8NE01
Q8S8P5	Q8S8P5
Q8WWI1	Q8WWI1
Q92466	Q92466
Q96J92	Q96J92
Q96QB1	Q96QB1
Q99959	Q99959
Q9BSF0	Q9BSF0
Q9H0N5	Q9H0N5
Q9H4L5	Q9H4L5
Q9HAZ1	Q9HAZ1
Q9HAZ1	P49759
Q9HAZ1	P49761
Q9HAZ1	P49760
Q9JIH7	Q9JIH7
Q9JIH7	Q9H4A3
Q9JIH7	Q9Y3S1
Q9JIH7	Q9BYP7
Q9LUT0	Q9LUT0
Q9NR96	Q9NR96
Q9NR96	Q9NR97
Q9NWW6	Q9NWW6
Q9UBN7	Q9UBN7
Q9UI46	Q9UI46
Q9UNS2	Q9UNS2
Q9W0K0	Q9W0K0
Q9XZ56	Q9XZ56
Q9Y3B2	Q9Y3B2
Q9YYU3	Q9YYU3
Q9YYU3	Q9WPU2
Q9YYU3	C6KEI3
Q9YYU3	P04602
Q9YYU3	P03407
Q9YYU3	P03404
Q9YYU3	P03406
Q9YYU3	Q9YYU8
Q9YYU3	P04324
Q9YYU3	Q70627
Q9YYU3	P04601
Q9YYU3	Q90VU7
Q9YYU3	P04603
Q9YYU3	Q77378
P23545	P23545
P84253	P84253
P84253	P84308
Q2FWH7	Q2FWH7
Q9BSF4	Q9BSF4
P01849	P01849
P01849	P01848
P62972	P62972
P62972	G1SK22
P62972	Q5A109
P62972	Q9SHE7
P62972	P62979
P62972	P62982
P62972	P62983
P62972	P14799
P62972	P62992
P62972	P79781
P62972	P05759
P62972	P15357
P62972	P69061
Q740M4	Q740M4
A0A0B4J200	A0A0B4J200
A0A2R8RKV0	A0A2R8RKV0
A0A2R8RKV0	Q12931
A0A2R8RKV0	F1Q9X9
A0A2R8RKV0	A8WFV1
Q749I7	Q749I7
Q8IID5	Q8IID5
V5V8V7	V5V8V7
A0A5S9CYM0	A0A5S9CYM0
A8Y5U5	A8Y5U5
Q6CPN6	Q6CPN6
Q88JB0	Q88JB0
Q9WYP6	Q9WYP6
A0A1Z0YU59	A0A1Z0YU59
F4K5J1	F4K5J1
O14793	O14793
O14793	O08689
O22267	O22267
O55043	O55043
O75140	O75140
O75695	O75695
O88447	O88447
O88447	Q07866
O95750	O95750
P01101	P01101
P01101	P01100
P01589	P01589
P02771	P02771
P02771	P02768
P06786	P06786
P06786	Q7Z2D0
P06786	Q4DE53
P06786	P11388
P06786	Q02880
P11171	P11171
P12904	P12904
P12904	Q10343
P12904	P80385
P12904	P54619
P15514	P15514
P19634	P19634
P19634	P48764
P20827	P20827
P20827	O43921
P20827	O08543
P20827	P52803
P22943	P22943
P23873	P23873
P25205	P25205
P28715	P28715
P32004	P32004
P38811	P38811
P38811	C4QYV4
P39928	P39928
P41212	P41212
P43618	P43618
P46781	P46781
P48556	P48556
P50616	P50616
P54287	P54287
P54287	D4A055
P54287	O00305
P56817	P56817
P68431	P68431
P68431	Q16695
P68431	P61830
P68431	P68433
P68431	P08898
P68431	Q71DI3
P68431	P02299
P68431	P84228
P68431	P84243
P68431	P84244
P97287	P97287
P97287	Q07820
P9WGJ9	P9WGJ9
P9WKE1	P9WKE1
Q00959	Q00959
Q00959	Q00960
Q00959	Q13224
Q13370	Q13370
Q14587	Q14587
Q155Z9	Q155Z9
Q155Z9	P08545
Q155Z9	P08544
Q16082	Q16082
Q3UND0	Q3UND0
Q3UND0	O75563
Q3UND0	Q86WV1
Q5T1C6	Q5T1C6
Q6IQ22	Q6IQ22
Q6SPF0	Q6SPF0
Q6ZYL4	Q6ZYL4
Q86YT6	Q86YT6
Q8GY31	Q8GY31
Q8IY81	Q8IY81
Q8N1F7	Q8N1F7
Q8WWN9	Q8WWN9
Q92499	Q92499
Q92832	Q92832
Q92832	Q99435
Q940D0	Q940D0
Q96BD6	Q96BD6
Q96J94	Q96J94
Q96J94	Q9JMB7
Q96QF0	Q96QF0
Q99527	Q99527
Q9BSM1	Q9BSM1
Q9BY41	Q9BY41
Q9H0W8	Q9H0W8
Q9H4M9	Q9H4M9
Q9HB21	Q9HB21
Q9HB21	Q9ERS5
Q9JIR4	Q9JIR4
Q9LVM5	Q9LVM5
Q9P126	Q9P126
Q9P126	Q6QLQ4
Q9UBU3	Q9UBU3
Q9UBU3	Q9EQX0
Q9UL62	Q9UL62
Q9Y3C4	Q9Y3C4
Q9Y5P4	Q9Y5P4
P0CG50	P0CG50
P0CG50	P0CH28
P0CG50	P0CG48
P0CG50	P0CG64
P0CG50	Q63429
P47064	P47064
Q86XI6	Q86XI6
Q86XI6	Q9UQK1
Q9C0L9	Q9C0L9
Q9SHE8	Q9SHE8
L7N695	L7N695
P03079	P03079
P03079	P0DOJ7
P03079	P03077
P27017	P27017
P62975	P62975
Q53W24	Q53W24
Q53W24	O34153
Q53W24	Q5HGD2
Q53W24	P0A6F3
Q53W24	A0A287BD08
Q53W24	O93623
Q8X607	Q8X607
Q8X607	P11071
Q9QR69	Q9QR69
A0A2R8Y811	A0A2R8Y811
A0A2R8Y811	P62263
N9UZ59	N9UZ59
Q01043	Q01043
Q01043	Q98147
Q74DN1	Q74DN1
Q8IL19	Q8IL19
A0A6H0TJ16	A0A6H0TJ16
A9CHQ7	A9CHQ7
D2CIU1	D2CIU1
O68183	O68183
O68183	P96762
O68183	Q9EVD7
O68183	Q93ET9
Q6LDG3	Q6LDG3
Q930Y6	Q930Y6
Q9Z6N8	Q9Z6N8
B3EWR1	B3EWR1
F5HDE4	F5HDE4
O00231	O00231
O13024	O13024
O13024	Q9NQS7
O43663	O43663
O55164	O55164
O55164	Q8VBX6
O55164	O75970
O75143	O75143
O75716	O75716
O88522	O88522
O88522	Q9Y6K9
O95180	O95180
O95180	O43497
O95180	Q9P0X4
O95786	O95786
O95786	Q9BYX4
P00520	P00520
P00520	P00519
P00520	Q4JIM5
P00520	P42684
P02776	P02776
P04275	P04275
P04776	P04776
P04776	P04347
P06127	P06127
P07547	P07547
P08393	P08393
P08877	P08877
Q9UDY8	Q9UDY8
Q9UDY8	Q2TBA3
Q9UII4	Q9UII4
Q9Y239	Q9Y239
Q9Y239	G1T469
Q9Y5X1	Q9Y5X1
Q9Z0U1	Q9Z0U1
Q9Z0U1	Q9UDY2
P01514	P01514
P0CT06	P0CT06
P0CT06	Q4HYR2
P0CT06	Q9P8Q7
P0CT06	P28240
P0CT06	P28298
P26281	P26281
P50597	P50597
P50597	O67069
P50597	Q81LA9
P50597	P28619
P50597	P9WGZ7
P96074	P96074
Q2HR71	Q2HR71
Q88NI1	Q88NI1
Q88NI1	Q9I0I4
Q9UKJ0	Q9UKJ0
A0A287A9Y6	A0A287A9Y6
A0A287A9Y6	P62081
A0A287A9Y6	P62082
A0A287A9Y6	P62083
P30663	P30663
P68693	P68693
P68693	Q8I4S1
P68693	P23919
P68693	P00572
Q57ZX7	Q57ZX7
Q7N439	Q7N439
Q7N439	Q63KH5
A0A0H2VC26	A0A0H2VC26
A0A0H2VC26	Q1R4X0
A0A0H2VC26	A0A152KUZ3
A0A0H2VC26	P0DX54
A0A3Q0KQ92	A0A3Q0KQ92
Q7DN95	Q7DN95
Q7DN95	Q39276
Q8LKK4	Q8LKK4
Q9I2U4	Q9I2U4
A0A097P1P8	A0A097P1P8
B1YH80	B1YH80
E7EWM1	E7EWM1
P88987	P88987
Q6URH4	Q6URH4
Q97LY2	Q97LY2
Q97LY2	A0A0H2UN22
Q97LY2	Q181K6
V5IQM7	V5IQM7
A0A8I6G5V3	A0A8I6G5V3
A0A8I6G5V3	Q00987
O00264	O00264
O14187	O14187
O24606	O24606
O43237	O43237
O43237	Q9Y6G9
O75326	O75326
O75832	O75832
O75832	Q9Z2X2
O88703	O88703
O95267	O95267
P01127	P01127
P01850	P01850
P01850	A0A5B9
P03495	P03495
P03495	Q463W9
P03495	Q6LD08
P03495	I7CAR2
P03495	Q6QT26
P03495	C3W611
P03495	Q1PST0
P03495	Q20NS3
P03495	P03496
P03495	P69270
P03495	D1LP63
P03495	Q99AU3
P03495	Q5H7J4
P03495	Q2Y234
P03495	A5A5U1
P03495	Q38SQ2
P03495	Q6B3P2
P03495	Q9YP60
P03495	Q6DP93
P04839	P04839
P05387	P05387
P07766	P07766
P09884	P09884
P0C6U8	P0C6U8
P0C6U8	P0DTC1
P0C6U8	P0C6T4
P0C6U8	P0C6U3
P0C6U8	P0C6U7
P0C6U8	P0C6V0
P0C6U8	K9N638
P10499	P10499
P10499	P63142
P11274	P11274
P12004	P12004
P13987	P13987
P15692	P15692
P21127	P21127
P22216	P22216
Q8CIX8	Q8CIX8
Q9FKT1	Q9FKT1
O15992	O15992
P07939	P07939
P07939	P03527
P72940	P72940
Q5CYL9	Q5CYL9
F2Z2U4	F2Z2U4
F2Z2U4	Q9Y4A5
O34656	O34656
Q188R0	Q188R0
Q5I7K5	Q5I7K5
Q5I7K5	P05386
Q5I7K5	P05318
Q5I7K5	P05319
Q5I7K5	P02400
Q8TZJ7	Q8TZJ7
Q8TZJ7	O57705
Q9KJT3	Q9KJT3
Q74DA3	Q74DA3
Q8KC98	Q8KC98
O04197	O04197
O14519	O14519
O14519	O75956
O14936	O14936
O14936	Q62915
O14936	O70589
O15287	O15287
O31645	O31645
O43312	O43312
O43914	O43914
O60264	O60264
O60832	O60832
O75376	O75376
O75914	O75914
O75914	Q64303
O75914	Q13153
O75914	Q13177
O75914	P35465
O75914	Q61036
O75914	O96013
O75914	Q9NQU5
O75914	Q9P286
O89053	O89053
O89053	Q9ULV4
O95297	O95297
O95995	O95995
P01137	P01137
P01137	P61812
P01137	P27090
P02293	P02293
P02293	Q93079
P02293	P0C1H3
P02293	Q99877
P02293	P0C1H4
P02293	P0C1H5
P02293	Q16778
P02293	P62807
P02293	Q6ZWY9
P02293	Q8N257
P02293	Q9D2U9
P02293	O60814
P02293	P06899
P02293	P02281
P02293	P02294
P02293	P33778
P02293	P23527
P02293	Q5QNW6
P02942	P02942
P02942	P07017
P04412	P04412
P04412	P00533
P04412	P04626
P04412	P06494
P07910	P07910
P08536	P08536
P08953	P08953
P0C6W5	P0C6W5
P0C6W5	A0A075ECV2
P0C6W5	A0A0M4AW09
P0C6W5	W8QLX4
P0C6W5	P0C6Y4
P0C6W5	R4JK63
P0C6W5	U6BRU0
P0C6W5	A0A0U2C263
P0C6W5	A0A1Z2R8Q6
P0C6W5	A0A2P1G738
P0C6W5	A0A385H8D7
P0C6W5	P0C6X1
P0C6W5	P0C6X5
P0C6W5	P0C6Y5
P0C6W5	Q98VG9
P0C6W5	K4L9I6
P0C6W5	P0C6W3
P0C6W5	P0C6X7
P0C6W5	P0DTD1
P0C6W5	K9N7C7
P0C6W5	P0C6X9
P0C6W5	U3N841
P0C6W5	P0C6X6
P10599	P10599
P10599	Q0D840
P12270	P12270
P13035	P13035
P16591	P16591
P16591	P07332
P17861	P17861
P20023	P20023
P21359	P21359
P23441	P23441
P24482	P24482
P27707	P27707
P27707	Q16854
P29084	P29084
P30048	P30048
P30048	P35705
P37198	P37198
P38936	P38936
P40191	P40191
P45983	P45983
P45983	P92208
P45983	P45984
P45983	P53779
P45983	O15264
P45983	P53778
P46963	P46963
P41318	P41318
P41318	Q9BVC4
P46962	P46962
P48960	P48960
P49792	P49792
P51116	P51116
P55265	P55265
P57789	P57789
P78324	P78324
P78324	P97797
P9WGX7	P9WGX7
P9WPI9	P9WPI9
Q01085	Q01085
Q01085	P31483
Q02297	Q02297
Q06677	Q06677
Q08211	Q08211
Q08211	O70133
Q13185	Q13185
Q13185	P45973
Q13426	Q13426
Q13619	Q13619
Q14690	Q14690
Q15185	Q15185
Q15650	Q15650
Q16531	Q16531
Q18PE0	Q18PE0
Q43316	Q43316
Q5D1E7	Q5D1E7
Q5D1E7	Q5D1E8
Q5T8D3	Q5T8D3
Q61730	Q61730
Q6NZY4	Q6NZY4
Q6UW88	Q6UW88
Q86DA5	Q86DA5
Q8BRT1	Q8BRT1
Q8BRT1	O75122
Q8BRT1	Q7Z460
Q8BRT1	Q9NBD7
Q8IDR3	Q8IDR3
Q8N3Y1	Q8N3Y1
Q8NFQ8	Q8NFQ8
Q8VDP3	Q8VDP3
Q8VDP3	Q8TDZ2
Q8WXH5	Q8WXH5
Q8WXH5	O54928
Q92562	Q92562
Q94AI7	Q94AI7
Q96DH6	Q96DH6
Q96S15	Q96S15
Q99638	Q99638
Q9BU19	Q9BU19
Q9D752	Q9D752
Q9D752	Q9UI95
Q9FEB5	Q9FEB5
Q9H204	Q9H204
Q9H204	Q920D3
Q9H773	Q9H773
Q9HC52	Q9HC52
Q9NHC3	Q9NHC3
Q9NYA1	Q9NYA1
Q9S400	Q9S400
Q9S400	Q9R4E4
Q9UEU0	Q9UEU0
Q9UJ41	Q9UJ41
Q9ULV8	Q9ULV8
Q9ULV8	F2UL73
Q9UQ13	Q9UQ13
Q9Y261	Q9Y261
Q9Y261	P55317
Q9Y463	Q9Y463
Q9Y463	Q13627
Q9Z200	Q9Z200
Q9Z200	Q9JID9
Q9Z200	O14492
Q9Z200	O09039
Q9Z200	Q9NRF2
Q9Z200	Q91ZM2
A0A1D8PKB4	A0A1D8PKB4
A0A1D8PKB4	P23291
A0A1D8PKB4	P29295
A0A1D8PKB4	Q6FS46
A0A1D8PKB4	P40233
P03893	P03893
P03893	P03891
P10955	P10955
P27896	P27896
P27896	P0AFA2
P9WNK3	P9WNK3
Q3KSU1	Q3KSU1
Q658Y4	Q658Y4
P07267	P07267
P08620	P08620
P0A717	P0A717
P0A717	P14193
P0A717	P60891
P0A717	P11908
P0CG53	P0CG53
P0CG53	P0CG63
P10896	P10896
P12504	P12504
P12504	P69723
P13596	P13596
P13596	P13591
P14625	P14625
P14625	P41148
P14625	Q8IL32
P14625	Q8I0V4
P14625	Q8IC05
P14625	P02829
P14625	P15108
P14625	P46598
P14625	Q18688
P14625	P07901
P14625	P08238
P14625	P07900
P14625	A0A7E5VSK5
P14625	A0A8C2MUK8
P14625	P11499
P14625	P54651
P14625	Q07078
P14625	O03986
P14625	Q7XJ80
P14625	Q389P1
P14625	P12861
P14625	Q4Q4I6
P14625	J9VVA4
P15314	P15314
P17105	P17105
P17105	P23677
P19438	P19438
P21698	P21698
P22626	P22626
P22626	P09651
P25774	P25774
P27008	P27008
P27008	P09874
P29376	P29376
P32558	P32558
P32558	Q9Y5B9
P35462	P35462
P35462	P14416
P35462	P21917
P35462	P28222
P35462	P18089
P35462	P18825
P35462	P08913
P36131	P36131
P38265	P38265
P39447	P39447
P39447	Q07157
P40692	P40692
P40692	P38920
P42224	P42224
P42224	P52630
P42224	P42227
P42224	P40763
P42224	P42229
P42224	P51692
P42224	P42230
P43246	P43246
P46459	P46459
P46459	P18708
P48061	P48061
P49450	P49450
P52789	P52789
P52789	P19367
P52789	P05708
P52789	P52790
P54987	P54987
P56211	P56211
P60174	P60174
P61247	P61247
P67775	P67775
P67775	P62136
P67775	P32598
P67775	P36873
P67775	P63087
P67775	P63088
P67775	P62137
P67775	P62139
P67775	P62207
P78953	P78953
P86408	P86408
P98078	P98078
P9WI79	P9WI79
Q00560	Q00560
Q00560	P40189
Q01663	Q01663
Q03014	Q03014
Q04372	Q04372
Q07666	Q07666
Q08949	Q08949
Q12277	Q12277
Q13042	Q13042
Q13283	Q13283
Q13283	Q9UN86
Q14393	Q14393
Q14CW9	Q14CW9
Q16659	Q16659
Q24106	Q24106
Q39255	Q39255
Q39255	P52285
Q39255	P63208
Q39255	O94228
Q39255	P52286
Q53EZ4	Q53EZ4
Q5VWK5	Q5VWK5
Q61006	Q61006
Q61006	Q62838
Q61006	O15146
Q62245	Q62245
Q62245	Q07889
Q62245	P26675
Q63881	Q63881
Q63881	Q9UK17
Q63881	Q62897
Q6B8I1	Q6B8I1
Q6B8I1	Q9UII6
Q6B8I1	Q9BV47
Q6B8I1	Q68J44
Q6B8I1	P51452
Q6B8I1	Q9D7X3
Q6PHR2	Q6PHR2
Q7KNQ9	Q7KNQ9
Q86UY5	Q86UY5
Q8CI51	Q8CI51
Q8CI51	Q96HC4
Q8CI51	Q9JKS4
Q8CI51	O75112
Q8IWS0	Q8IWS0
Q8NBJ7	Q8NBJ7
Q8NBJ7	D1A7C3
Q8NBJ7	Q9F3C7
Q8R3Z5	Q8R3Z5
Q8R3Z5	Q8VGC3
Q92SA6	Q92SA6
Q969H8	Q969H8
Q96GM8	Q96GM8
P04070	P04070
P04610	P04610
P04610	P04608
P07250	P07250
P08074	P08074
P09326	P09326
P09326	P10252
P09326	P18181
P0A707	P0A707
P10880	P10880
P10880	P9WPY3
P10880	P0A6D7
P13595	P13595
P16100	P16100
P17096	P17096
P19429	P19429
P19429	P48787
P20334	P20334
P21675	P21675
P21675	U3KMH2
P21675	Q8IZX4
P21675	P51123
P23561	P23561
P24821	P24821
P25713	P25713
P25713	P28184
P26954	P26954
P26954	P32927
P30304	P30304
P30304	P30305
P32458	P32458
P34130	P34130
P35439	P35439
P35439	Q05586
P36102	P36102
P40568	P40568
P42166	P42166
P43188	P43188
P43188	P27144
P43188	Q9UIJ7
P43188	P08760
P43188	P00568
P43188	P00571
P43188	Q68EH2
P43188	P15700
P43188	P30085
P43188	P07170
P43188	P9WKF5
P43188	P69441
P43188	A0A0J9X1X4
P43188	P16304
P43188	P84139
P43188	P54819
P43188	P08166
P46109	P46109
P46109	P46108
P46109	Q64010
P46109	Q04929
P48059	P48059
P48059	Q7Z4I7
P49427	P49427
P52756	P52756
P52756	P98175
P56192	P56192
P61244	P61244
P97924	P97924
P97924	A2CG49
P97924	O60229
P97924	O75962
P9WI77	P9WI77
Q00536	Q00536
Q02948	Q02948
Q04207	Q04207
Q04207	Q04206
Q05823	Q05823
Q05823	A5H025
Q07473	Q07473
Q07473	P27521
Q07473	Q9SQL2
Q07473	Q9LMQ2
Q07473	Q39142
Q07473	P0CJ48
Q07473	Q9XF89
Q08945	Q08945
Q12262	Q12262
G2LET6	G2LET6
Q06AK3	Q06AK3
Q76RF1	Q76RF1
Q8KUA3	Q8KUA3
A1Z6I7	A1Z6I7
C0SPC1	C0SPC1
O00311	O00311
O04379	O04379
O14520	O14520
O14944	O14944
O14944	P35070
O15294	O15294
O32504	O32504
O43314	O43314
O60271	O60271
O60271	Q9UPT6
O60271	Q9ESN9
O60869	O60869
O75923	O75923
O95997	O95997
P00561	P00561
P01138	P01138
P01138	P01139
P01138	F6SVV7
P01138	P20783
P01138	P23560
P04456	P04456
P04456	P62750
P04911	P04911
P04911	P20671
P04911	P0C0S8
P04911	Q99878
P04911	Q16777
P04911	Q96QV6
P04911	P04908
P04911	P84051
P04911	Q96KK5
P04911	P04910
P04911	P04912
P04911	Q9FJE8
P04911	P16104
P04911	Q6CK59
P04911	Q6FI13
P04911	Q93077
P04911	Q12692
P05519	P05519
P06400	P06400
P07101	P07101
P07942	P07942
P08539	P08539
P09038	P09038
P09958	P09958
P0AE70	P0AE70
P13128	P13128
P15116	P15116
P15116	P12830
P15116	P09803
P15116	P55284
P15882	P15882
P16615	P16615
P20052	P20052
P23443	P23443
P24522	P24522
P25446	P25446
P25446	P25445
P27708	P27708
P29274	P29274
P30050	P30050
P32324	P32324
P32324	P58252
P32324	P13060
P32324	P55823
P32324	P13639
P33302	P33302
P35244	P35244
P37231	P37231
P38937	P38937
P40198	P40198
P41595	P41595
P47037	P47037
P47037	Q75FB3
P47037	Q9UQE7
P49023	P49023
P49023	P49024
P49023	Q8VI36
P49796	P49796
P53355	P53355
P55273	P55273
P55273	Q60773
P55273	P42773
P62913	P62913
P63212	P63212
P69786	P69786
P69786	Q63GK8
P78347	P78347
P78347	Q9ESZ8
P84077	P84077
P84077	P84079
P84077	P84085
P84077	P61204
P84077	Q7KQL3
P84077	P62330
Q01102	Q01102
Q01102	P16109
Q06787	Q06787
Q08278	Q08278
Q0TV31	Q0TV31
Q0TV31	Q9RF12
Q0TV31	P0C216
Q13435	Q13435
Q14154	Q14154
Q14766	Q14766
Q15233	Q15233
Q15672	Q15672
Q1EG27	Q1EG27
Q2YQA5	Q2YQA5
Q49A26	Q49A26
Q60793	Q60793
Q63009	Q63009
Q63009	Q99873
Q63009	Q96LA8
Q6P2H3	Q6P2H3
Q6UXT8	Q6UXT8
Q7Z2W4	Q7Z2W4
Q86T82	Q86T82
Q8N4X5	Q8N4X5
Q8NFZ5	Q8NFZ5
Q92585	Q92585
Q92905	Q92905
Q94CL7	Q94CL7
Q96DX5	Q96DX5
Q96KS0	Q96KS0
Q96S59	Q96S59
Q99653	Q99653
Q99653	P61023
Q99LG4	Q99LG4
Q99LG4	Q8N0Z6
Q9BUH6	Q9BUH6
Q9FHN8	Q9FHN8
Q9H257	Q9H257
Q9H7D0	Q9H7D0
Q9HCD5	Q9HCD5
Q9JLQ0	Q9JLQ0
Q9JLQ0	Q9Y5K6
Q9JLQ0	Q96B97
Q9JLQ0	Q8R550
Q9NRS6	Q9NRS6
Q9P2M4	Q9P2M4
Q9UFD9	Q9UFD9
Q9UJM3	Q9UJM3
Q9UQ80	Q9UQ80
Q9WUL6	Q9WUL6
Q9WUL6	Q99558
Q9Y676	Q9Y676
A0A4P9I8G4	A0A4P9I8G4
O14545	O14545
P11116	P11116
P11116	P11762
P11116	P16045
P11116	P09382
P28583	P28583
P28583	Q06850
P28583	O15865
P28583	Q8IBS5
P28583	Q9BJF5
P28583	A0A0F7UUA6
P28583	F0V9W9
P28583	Q3HNM4
P28583	A0A509AHB6
P28583	Q5CS01
P28583	A3FQ16
P28583	Q9NJU9
P28583	A5KBB4
P28583	Q3HNM6
P54885	P54885
Q03323	Q03323
Q8DMT2	Q8DMT2
Q8DMT2	Q06904
Q9WYN2	Q9WYN2
D9IEF7	D9IEF7
P37792	P37792
P37792	P35272
P37792	P76372
P37792	Q04866
P75838	P75838
Q2NB77	Q2NB77
Q83WH5	Q83WH5
Q83WH5	P0A763
Q83WH5	P15266
Q83WH5	A7ANF8
Q83WH5	B4FK49
Q83WH5	P22887
Q83WH5	P39207
Q83WH5	Q13232
Q83WH5	O00746
Q83WH5	P15531
Q83WH5	P52174
Q83WH5	P08879
Q83WH5	P15532
Q83WH5	P52175
Q83WH5	P22392
Q83WH5	P36010
Q9AC32	Q9AC32
Q9AC32	B0VLR7
Q9AC32	Q2FZ20
Q9AC32	Q8CST1
Q9AC32	Q83D87
Q9AC32	P05055
Q9AC32	Q8TCS8
Q9AC32	Q8K1R3
Q9AC32	A0QVQ5
Q9AC32	Q53597
Q9AC32	Q8DWB2
Q9VNW6	Q9VNW6
Q9VNW6	P54886
A0A7Y1Q2L1	A0A7Y1Q2L1
F6S337	F6S337
F6S337	D3ZKP6
F6S337	Q9D2Y4
F6S337	Q8NB16
O51381	O51381
Q1CZR7	Q1CZR7
Q5NE14	Q5NE14
Q5NE14	Q5NE12
Q5NE14	Q7T2M9
Q8VQA1	Q8VQA1
Q9KTG5	Q9KTG5
A0A0H2WWL2	A0A0H2WWL2
B4EFV2	B4EFV2
B4EFV2	P77541
B4EFV2	Q2L887
B4EFV2	Q05957
G2QDY6	G2QDY6
Q0I3M3	Q0I3M3
Q4QHJ8	Q4QHJ8
Q76RF6	Q76RF6
Q8MX72	Q8MX72
Q9D3X8	Q9D3X8
A1Z9P3	A1Z9P3
C3VPR6	C3VPR6
G3V783	G3V783
G3V783	O43353
O15315	O15315
O43318	O43318
O44326	O44326
O60885	O60885
O60885	Q9ESU6
O75396	O75396
O75925	O75925
O91464	O91464
O95340	O95340
O95340	O43252
O95999	O95999
P03001	P03001
P03956	P03956
P03956	P08254
P03956	P45452
P03956	P50281
P07141	P07141
P07141	P09603
P09992	P09992
P09992	Q91B91
P09992	P13699
P09992	Q5S585
P09992	Q9DQX7
P09992	Q5S581
P09992	P19239
P09992	P03541
P09992	Q6IVU2
P09992	P18140
P0AE82	P0AE82
P0AE82	Q87KW6
P10637	P10637
P10637	P10636
P13224	P13224
P15917	P15917
P17890	P17890
P20068	P20068
P20068	P30990
P22388	P22388
P22388	P05305
P24534	P24534
P25490	P25490
P31350	P31350
P32325	P32325
P33316	P33316
P37288	P37288
P39001	P39001
P40225	P40225
P40225	P40226
P45985	P45985
P47074	P47074
P49799	P49799
P51142	P51142
P51142	O14640
P51142	P51141
P51142	O14641
P51142	Q60838
P51142	Q92997
P52333	P52333
P52333	P29597
P52333	Q9R117
P52333	P52332
P52333	P23458
P52333	Q62120
P52333	O60674
P53365	P53365
P58301	P58301
P62937	P62937
P62937	P17742
P62937	P62938
P62937	P62940
P9WHH1	P9WHH1
P9WPY5	P9WPY5
Q01130	Q01130
Q01130	Q6PDM2
Q01130	Q07955
Q02535	Q02535
Q03720	Q03720
Q08281	Q08281
Q0WP12	Q0WP12
Q12933	Q12933
Q12933	Q60803
Q12933	Q13114
Q12933	Q9BUZ4
Q12933	O00463
Q12933	P70191
Q13200	Q13200
Q13641	Q13641
Q14155	Q14155
Q14155	Q9ES28
Q14790	Q14790
Q16543	Q16543
Q16543	G3H6C5
Q5FBB7	Q5FBB7
Q60795	Q60795
Q60795	Q16236
Q61846	Q61846
Q61846	Q14680
Q63053	Q63053
Q63053	Q7LC44
Q676U5	Q676U5
Q6UXV0	Q6UXV0
Q76ZQ3	Q76ZQ3
Q7Z3C6	Q7Z3C6
Q7Z3C6	Q674R7
Q86TG7	Q86TG7
Q8IUC6	Q8IUC6
Q8K209	Q8K209
Q8K209	Q9Y653
Q8N543	Q8N543
Q8VHC5	Q8VHC5
Q8WYP5	Q8WYP5
Q925B3	Q925B3
Q925B3	Q923J1
Q92917	Q92917
Q96DZ5	Q96DZ5
Q96DZ5	B9EHT4
Q96SB4	Q96SB4
Q96SB4	P78362
Q96SB4	Q03656
Q99LM3	Q99LM3
Q9BUL8	Q9BUL8
Q9BYV9	Q9BYV9
Q9H293	Q9H293
Q9H875	Q9H875
Q9HCK8	Q9HCK8
Q9HCK8	Q9P2D1
Q9JLQ2	Q9JLQ2
Q9JLQ2	Q68FF6
Q9JLQ2	Q9Z272
Q9NRW4	Q9NRW4
Q9NYJ8	Q9NYJ8
Q9NYJ8	Q99K90
Q9NYJ8	Q571K4
Q9SCL7	Q9SCL7
Q9SCL7	Q6V1L5
Q9UGJ1	Q9UGJ1
Q9UJU6	Q9UJU6
Q9ULX3	Q9ULX3
Q9Y295	Q9Y295
Q9Y679	Q9Y679
O28471	O28471
P56176	P56176
P56176	Q9X024
Q04430	Q04430
Q45612	Q45612
Q8GUP3	Q8GUP3
Q9X005	Q9X005
P38503	P38503
Q2QDG8	Q2QDG8
Q9VTC4	Q9VTC4
A0A0J9X219	A0A0J9X219
A0A0J9X219	P38011
A0A0J9X219	Q24D42
A0A0J9X219	E6PBV0
A0A0J9X219	Q6CNI7
A0A0J9X219	Q4DTN2
A0A0J9X219	Q9BIJ5
A0A0J9X219	Q4Q7Y7
A0A0J9X219	P69103
A0A0J9X219	Q383E1
A0A0J9X219	A2ELV7
A0A0J9X219	W5D4F5
A0A0J9X219	A0A3B5Z4Q0
A0A0J9X219	P68040
A0A0J9X219	J9W3X8
A0A0J9X219	O18640
A0A0J9X219	A0A2K6K8B0
A0A0J9X219	O42248
A0A0J9X219	G1SJB4
A0A0J9X219	P63244
A0A0J9X219	P63246
A0A0J9X219	E9KL35
A0A0J9X219	Q8AVP6
A0A0J9X219	O24456
A0A0J9X219	A0A8H6C3E7
A0A0J9X219	P83774
A0A0J9X219	G0S9U0
A0A0J9X219	Q01369
A0A0J9X219	A0A1S4ABX7
A0A8D0T2D6	A0A8D0T2D6
A0A8D0T2D6	O02696
F9UNZ6	F9UNZ6
O66766	O66766
O66766	Q9HVT7
O66766	Q9LCX2
O66766	P64201
O66766	P33893
O66766	Q9X100
Q1Q357	Q1Q357
Q5UZS4	Q5UZS4
A0A0H2YV09	A0A0H2YV09
A0A0H2YV09	A4IPE6
A0A0H2YV09	P0AEC8
A0A0H2YV09	P52687
B4EL08	B4EL08
B4EL08	Q8NRI8
G3XAC6	G3XAC6
Q4R5S0	Q4R5S0
Q4R5S0	O43572
Q76RI8	Q76RI8
Q9DG07	Q9DG07
Q9DG07	Q60787
Q9DG07	Q13094
A2A8L5	A2A8L5
A2A8L5	P10586
A2A8L5	P16621
C3W947	C3W947
C3W947	A0A0C3K8Q6
O00391	O00391
O14544	O14544
O15350	O15350
O34530	O34530
O48814	O48814
O48814	O49839
O60896	O60896
O75398	O75398
O75943	O75943
O95365	O95365
O96007	O96007
P01160	P01160
P01160	P01161
P02340	P02340
P02340	P04637
P03069	P03069
P04925	P04925
P05540	P05540
P05540	P16003
P05540	P01730
P0AE85	P0AE85
P0DPA9	P0DPA9
P11387	P11387
P13232	P13232
P14284	P14284
P15923	P15923
P16649	P16649
P23469	P23469
P23469	P18433
P23469	P18052
P25552	P25552
P25552	P0AFL6
P27870	P27870
P27870	P15498
P27870	Q9UKW4
P27870	P52735
P31371	P31371
P31371	Q9NP95
P32344	P32344
P33424	P33424
P37366	P37366
P39007	P39007
P41695	P41695
P41695	A6ZUJ9
P46013	P46013
P47075	P47075
P49028	P49028
P49815	P49815
P51400	P51400
P51400	Q91ZS8
P51400	P78563
P52564	P52564
P52564	O09110
P52564	Q02750
P52564	P36507
P52564	P29678
P52564	Q63932
P52564	Q94A06
P52564	Q24324
P53396	P53396
P58340	P58340
P61086	P61086
P69797	P69797
Q01167	Q01167
Q02732	Q02732
Q03721	Q03721
Q13202	Q13202
Q13202	Q9BY84
Q13459	Q13459
Q13651	Q13651
Q147X3	Q147X3
Q15262	Q15262
Q15262	O14522
Q15691	Q15691
Q15691	Q61166
Q15691	Q9UPY8
Q1LRY0	Q1LRY0
Q38814	Q38814
Q4ACU6	Q4ACU6
Q4ACU6	Q9BYB0
Q4ACU6	Q9JLU4
Q5IJ48	Q5IJ48
Q5TCZ1	Q5TCZ1
Q61937	Q61937
Q61937	P06748
Q63155	Q63155
Q687X5	Q687X5
Q687X5	Q658P3
Q7Z3K3	Q7Z3K3
Q86TM6	Q86TM6
Q8K245	Q8K245
Q8K245	Q9P2Y5
Q8NG31	Q8NG31
Q8TD16	Q8TD16
Q925K9	Q925K9
Q925K9	F1N2S7
Q95RR8	Q95RR8
Q96EB6	Q96EB6
Q96SD1	Q96SD1
Q99MH5	Q99MH5
Q99MH5	P56597
Q9H2G2	Q9H2G2
Q9H8S9	Q9H8S9
Q9H8S9	Q7T1M9
Q9H8S9	Q8BPB0
Q9JLS3	Q9JLS3
Q9NRY4	Q9NRY4
Q9NRY4	P81128
Q9NRY4	Q13017
Q9NYL2	Q9NYL2
Q9P7Y9	Q9P7Y9
Q9UGK3	Q9UGK3
Q9UJV3	Q9UJV3
Q9ULZ2	Q9ULZ2
Q9Y4B6	Q9Y4B6
Q9Y6D5	Q9Y6D5
Q9Y6D5	Q9Y6D6
Q9Z2B5	Q9Z2B5
Q9Z2B5	Q9NZJ5
Q9Z2B5	A5D791
A0A7J6KD88	A0A7J6KD88
O31663	O31663
O31663	Q9C6D2
Q05543	Q05543
O32727	O32727
O32727	P17904
P09979	P09979
P39830	P39830
P77213	P77213
Q2T0S5	Q2T0S5
Q89YR8	Q89YR8
Q89YR8	Q8A3A5
Q9DHS8	Q9DHS8
Q9DHS8	P21605
Q9DHS8	Q86638
Q9WZW1	Q9WZW1
Q9WZW1	Q59263
Q9WZW1	A0A0H2UPY5
A0A0J9YX06	A0A0J9YX06
B3PFT7	B3PFT7
O67518	O67518
Q5V4P0	Q5V4P0
Q8X831	Q8X831
Q8X831	Q8XAL6
Q9KUA1	Q9KUA1
B5MDL5	B5MDL5
G7CAR0	G7CAR0
G7CAR0	P27254
Q16980	Q16980
Q50883	Q50883
Q9DHU8	Q9DHU8
G4N137	G4N137
O00399	O00399
O14558	O14558
O14558	P97541
O14966	O14966
O14966	Q13637
O15353	O15353
O35002	O35002
O43426	O43426
O60341	O60341
O60934	O60934
O60934	Q6XV80
O75420	O75420
O94768	O94768
O94768	Q9UEE5
O95391	O95391
P04004	P04004
P04938	P04938
P04938	P02762
P04938	P11588
P04938	P11589
P04938	P11590
P04938	P02761
P05546	P05546
P07174	P07174
P07174	P08138
P08559	P08559
P09099	P09099
P12368	P12368
P12368	P13861
P12368	P12367
P12368	P00514
P12368	P31321
P12368	P10644
P12368	P12369
P12368	P31324
P12368	P07278
P12368	A0A0F7V8B2
P13285	P13285
P15924	P15924
P16671	P16671
P17931	P17931
P19221	P19221
P19221	P00734
P20138	P20138
P21554	P21554
P23470	P23470
P24588	P24588
P25588	P25588
P30086	P30086
P30086	P31044
P30086	P13696
P30086	P70296
P32356	P32356
P33527	P33527
P33527	Q92887
P35269	P35269
P39008	P39008
P42697	P42697
P46014	P46014
P47712	P47712
P53563	P53563
P53563	Q07817
P53563	Q64373
P53563	P10415
P55735	P55735
P55735	Q96EE3
P69850	P69850
P9WHU1	P9WHU1
O15379	O15379
O15379	Q92769
O15379	Q13547
O15379	P32561
O35254	O35254
O43493	O43493
O50147	O50147
O50147	Q5SH27
O50147	Q9X2A4
O50147	Q9HTN2
O60469	O60469
O65934	O65934
O75475	O75475
O76021	O76021
O94868	O94868
O95429	O95429
O97111	O97111
O97111	Q9JK83
O97111	Q9NPB6
P02533	P02533
P03208	P03208
P08047	P08047
P08581	P08581
P08581	Q04912
P09215	P09215
P09215	P28867
P09215	Q04759
P09215	Q02111
P09215	Q05655
P09215	P24723
P0AER0	P0AER0
P10749	P10749
P10749	P01584
P13501	P13501
P13501	P30882
P13501	P10855
P13501	P10147
P13501	Q76RJ0
P13501	P80075
P13501	P13500
P15248	P15248
P15248	P15247
P16070	P16070
P16070	P15379
P20248	P20248
P20248	P51943
P20248	P30274
P21583	P21583
P21583	P20826
P22466	P22466
P25685	P25685
P25685	P31689
P28066	P28066
P30279	P30279
P30279	P24385
P30279	P30281
P32380	P32380
P33981	P33981
P36094	P36094
P38111	P38111
P39073	P39073
P40479	P40479
P46087	P46087
P47897	P47897
P49336	P49336
P49917	P49917
P51587	P51587
P52701	P52701
P55861	P55861
P55861	P49736
P59595	P59595
P78509	P78509
P78509	Q60841
P97792	P97792
P97792	P78310
P9WI71	P9WI71
Q01415	Q01415
Q01415	P13045
Q01415	P04385
Q02874	Q02874
Q02874	O75367
Q03963	Q03963
Q03963	P19525
Q05652	Q05652
Q07139	Q07139
Q07139	Q9H8V3
Q12158	Q12158
Q13009	Q13009
Q13009	Q60610
Q13233	Q13233
Q13769	Q13769
Q14244	Q14244
Q14980	Q14980
Q16637	Q16637
Q23023	Q23023
Q23023	Q8IYT8
Q23023	O75385
Q4WD43	Q4WD43
Q5MJ70	Q5MJ70
Q5VST9	Q5VST9
Q60867	Q60867
Q92673	Q92673
Q969H6	Q969H6
Q96GG9	Q96GG9
Q96NX5	Q96NX5
Q99801	Q99801
Q9BPX3	Q9BPX3
Q9BVJ7	Q9BVJ7
Q9C004	Q9C004
Q9C004	O43597
Q9EPB4	Q9EPB4
Q9EPB4	Q9ULZ3
Q9GNK5	Q9GNK5
Q9H3S7	Q9H3S7
Q9H3S7	Q6PB44
Q9H9Q4	Q9H9Q4
Q9HYF1	Q9HYF1
Q9NQB0	Q9NQB0
Q9NVC6	Q9NVC6
Q9QXL8	Q9QXL8
Q9QXL8	Q9Y5B8
Q9QXL8	Q5E9Y9
Q9SSL9	Q9SSL9
Q9SSL9	Q9SGP2
Q9SSL9	Q9FII5
Q9SSL9	C0LGQ5
Q9SSL9	C0LGR3
Q9SSL9	C0LGW6
Q9SSL9	Q6XAT2
Q9SSL9	P47735
Q9SSL9	Q0JA29
Q9SSL9	Q9FL28
Q9SSL9	Q8LPB4
Q9SSL9	O22476
Q9SSL9	Q9ZVR7
Q9SSL9	Q9ZWC8
Q9UHD0	Q9UHD0
Q9UK61	Q9UK61
Q9V2Z6	Q9V2Z6
Q9V2Z6	O58328
Q9WVS6	Q9WVS6
Q9WVS6	Q9JK66
Q9WVS6	O60260
Q9WVS6	Q7KTX7
Q9Y2K6	Q9Y2K6
Q9Y4R8	Q9Y4R8
Q9Y4R8	Q9DC40
Q9ZST4	Q9ZST4
O54921	O54921
O54921	Q9D4H1
P36145	P36145
Q0P8I9	Q0P8I9
Q0P8I9	Q8AAJ0
Q0P8I9	H7C745
Q58517	Q58517
Q8WXD9	Q8WXD9
Q9LYG9	Q9LYG9
G0S5R3	G0S5R3
G0S5R3	P40160
O58877	O58877
P44492	P44492
Q01220	Q01220
Q9I0K4	Q9I0K4
C0P4K9	C0P4K9
I6YGX2	I6YGX2
P20406	P20406
Q69B19	Q69B19
Q87TF0	Q87TF0
Q87TF0	P0AFB5
Q96IM9	Q96IM9
Q9X180	Q9X180
A0A1V1P2N3	A0A1V1P2N3
Q27YU3	Q27YU3
Q5SLS9	Q5SLS9
Q5SLS9	Q2FZ58
Q5SLS9	Q7A5Z4
Q7QD46	Q7QD46
Q8WPN9	Q8WPN9
Q9ICB7	Q9ICB7
A6NI73	A6NI73
A6NI73	Q9HCN6
D6WMX4	D6WMX4
D6WMX4	E0W1I1
O14713	O14713
O15455	O15455
O35430	O35430
O35430	B2RUJ5
O54785	O54785
O54785	P53671
O54785	P53667
O60504	O60504
O70343	O70343
O76080	O76080
O76080	O88878
O94906	O94906
O95470	O95470
P00352	P00352
P00352	P51977
P00352	P24549
P05710	P05710
P05710	P16471
P06709	P06709
O60603	O60603
O60603	Q9EPW9
O60603	Q9Y2C9
O75096	O75096
O75096	Q9QYP1
O75674	O75674
O80852	O80852
P01034	P01034
P01583	P01583
P04642	P04642
P04642	P07195
P05896	P05896
P05896	P19505
P05896	P05897
P05896	O91080
P05896	P03366
P05896	P03367
P05896	P03369
P05896	P05959
P05896	O12158
P05896	P05961
P05896	P0C6F2
P05896	P20875
P05896	Q75002
P05896	P35963
P05896	P04585
P05896	P04587
P05896	P04588
P05896	P12497
P05896	P24740
P05896	P12499
P05896	Q9IDV9
P08700	P08700
P0CX50	P0CX50
P0CX50	P0CX49
P0CX50	Q07020
P13693	P13693
P14741	P14741
P15442	P15442
P20702	P20702
P22812	P22812
P32780	P32780
P34884	P34884
P34884	P30904
P34884	P14174
P35569	P35569
P35569	P35568
P35569	P35570
P35569	P81122
P35569	Q9Y4H2
P39748	P39748
P42285	P42285
P43403	P43403
P43403	P43405
P43403	Q32PK0
P43403	P48025
P46677	P46677
P48452	P48452
P48452	P16298
P48452	Q08209
P48452	P63328
P48452	P63329
P52945	P52945
P54105	P54105
P55072	P55072
P55072	P54609
P61765	P61765
P61765	P61764
P62753	P62753
P62753	P62754
P62753	P62755
P62753	G1TM55
P71590	P71590
P98177	P98177
Q01973	Q01973
Q01973	Q01974
Q06259	Q06259
Q13105	Q13105
Q13325	Q13325
Q13325	O14879
Q14498	Q14498
Q15078	Q15078
Q15562	Q15562
Q15562	Q15561
Q15562	P28347
Q15562	Q62296
Q15562	Q99594
Q15562	P70210
Q15562	P30052
Q16774	Q16774
Q16774	Q64520
Q16774	Q8I2M1
Q16774	P15454
Q16774	P60546
Q27974	Q27974
Q54944	Q54944
Q5SW79	Q5SW79
Q60596	Q60596
Q60596	P18887
Q61160	Q61160
Q61160	Q13158
Q62639	Q62639
Q62639	Q921J2
Q62639	Q15382
Q6I9Y2	Q6I9Y2
Q6QLM7	Q6QLM7
Q6QLM7	P56536
Q6QLM7	Q61768
Q6QLM7	Q2PQA9
Q03790	Q03790
Q03790	Q05166
Q05599	Q05599
Q05599	A0A0H3GSH0
Q08379	Q08379
Q13217	Q13217
Q13217	Q91YW3
Q13464	Q13464
Q13464	Q62868
Q13464	Q28021
Q13464	O75116
Q14168	Q14168
Q14168	Q5T2T1
Q14168	Q00013
Q15303	Q15303
Q15303	P21860
Q16568	Q16568
Q38846	Q38846
Q38846	P49333
Q4G0N4	Q4G0N4
Q5JHF1	Q5JHF1
Q5TKA1	Q5TKA1
Q60819	Q60819
Q60819	Q13261
Q6P988	Q6P988
Q793I8	Q793I8
Q793I8	Q96CG3
Q7Z3Z2	Q7Z3Z2
Q86TV6	Q86TV6
Q8C6L5	Q8C6L5
Q8C6L5	Q8N884
Q8IV63	Q8IV63
Q8NHJ6	Q8NHJ6
Q8TD19	Q8TD19
Q8TD19	Q8K1R7
Q8WZ73	Q8WZ73
Q92600	Q92600
Q92934	Q92934
Q960X8	Q960X8
Q960X8	O14964
Q96SN8	Q96SN8
Q99MZ3	Q99MZ3
Q99MZ3	Q8VIP2
Q9BUQ8	Q9BUQ8
Q9BZ23	Q9BZ23
Q9BZ23	Q8TE04
Q9DA80	Q9DA80
Q9FKA0	Q9FKA0
Q9H2K8	Q9H2K8
Q9NPF5	Q9NPF5
Q9NS23	Q9NS23
Q9NYV4	Q9NYV4
Q9NYV4	Q14004
Q9QUH6	Q9QUH6
Q9QUH6	F6SEU4
Q9UGN4	Q9UGN4
Q9UJX2	Q9UJX2
Q9UQC2	Q9UQC2
Q9UQC2	Q13480
Q9Y4F3	Q9Y4F3
Q9Z2G9	Q9Z2G9
Q9Z2G9	Q9BUP3
O31671	O31671
P05648	P05648
P12977	P12977
P32477	P32477
P59657	P59657
Q06162	Q06162
Q4KMI8	Q4KMI8
Q4KMI8	Q6DRK7
Q4KMI8	Q9NYY3
Q4KMI8	Q9H4B4
Q4KMI8	P53350
Q4KMI8	Q07832
Q4KMI8	P32562
Q6NXR4	Q6NXR4
Q8IY67	Q8IY67
Q9I840	Q9I840
Q9I840	Q8JIV9
Q9I840	Q8AYA3
Q9I840	Q9I841
Q9X1S1	Q9X1S1
Q9X1S1	O58231
O34723	O34723
O34723	P9WGM3
O34723	Q2FX09
O34723	Q7A2Q1
P0A0C1	P0A0C1
P0A0C1	Q7ATH7
P40399	P40399
Q5NGA7	Q5NGA7
Q5NGA7	Q1ENB6
Q9X0M7	Q9X0M7
A0A0L1KLX8	A0A0L1KLX8
B6KP12	B6KP12
Q5V5P7	Q5V5P7
Q9KZ83	Q9KZ83
A0A0H3JS71	A0A0H3JS71
A0AAJ6N6C2	A0AAJ6N6C2
A0AAJ6N6C2	Q40234
B6KJB6	B6KJB6
Q53826	Q53826
Q53826	D2B3F1
Q77Q82	Q77Q82
Q8PCA7	Q8PCA7
Q9DHW0	Q9DHW0
A2ASQ1	A2ASQ1
A2ASQ1	P25304
A2ASQ1	P31696
A2ASQ1	O00468
D0ZVG2	D0ZVG2
G4T4R7	G4T4R7
O08573	O08573
O14579	O14579
O35179	O35179
O35179	Q62420
O43432	O43432
O43432	Q04637
O49397	O49397
O60343	O60343
O60936	O60936
O94804	O94804
O96017	O96017
P00592	P00592
P00592	P04054
P01185	P01185
P05019	P05019
P05549	P05549
P08567	P08567
P08567	Q9JHK5
P09119	P09119
P0A2X8	P0A2X8
P0AEC3	P0AEC3
P0DQD3	P0DQD3
P0DQD3	P0DQD2
P10719	P10719
P13395	P13395
P13395	Q13813
P13395	P16086
P13395	P02549
P15927	P15927
P20160	P20160
P20160	P08246
P22415	P22415
P23497	P23497
P25591	P25591
P26678	P26678
P26678	P61014
P30101	P30101
P30101	P07237
P32361	P32361
P35270	P35270
P36012	P36012
P37840	P37840
P39009	P39009
P40340	P40340
P41816	P41816
P49207	P49207
P53602	P53602
P53602	Q99JF5
P53602	Q97UL5
P53602	Q388P2
P53602	J9VRT5
P53602	O23722
P53602	P32377
P55789	P55789
P58753	P58753
P61092	P61092
P61092	Q8IUQ4
P69851	P69851
P97546	P97546
P9WHV7	P9WHV7
Q01217	Q01217
Q02763	Q02763
Q02763	P35590
Q03818	Q03818
Q05609	Q05609
Q07021	Q07021
Q10666	Q10666
Q13740	Q13740
Q14191	Q14191
Q15311	Q15311
Q15717	Q15717
Q16576	Q16576
Q16576	Q09028
Q5JRA6	Q5JRA6
Q5U3W1	Q5U3W1
Q5U3W1	Q3TUA9
Q62074	Q62074
Q62074	P41743
Q62074	P09217
Q63373	Q63373
Q63373	P58400
Q6P9B9	Q6P9B9
Q6WKZ4	Q6WKZ4
Q7Z434	Q7Z434
Q8K3Y6	Q8K3Y6
Q8N5Y8	Q8N5Y8
Q8NHX9	Q8NHX9
Q8TDB6	Q8TDB6
Q8VJU4	Q8VJU4
Q8WZA1	Q8WZA1
Q92609	Q92609
Q92945	Q92945
Q96301	Q96301
Q96EL1	Q96EL1
Q96LT7	Q96LT7
Q96ST2	Q96ST2
Q99728	Q99728
Q99NH2	Q99NH2
Q99NH2	Q8TEW0
Q99NH2	Q9Z340
Q9BZD4	Q9BZD4
Q9DBL7	Q9DBL7
Q9FKP8	Q9FKP8
Q9H2X6	Q9H2X6
Q9H2X6	Q9H422
Q9HD26	Q9HD26
Q9NPF7	Q9NPF7
Q9NSN8	Q9NSN8
Q9SI37	Q9SI37
Q9UH65	Q9UH65
Q9UJX6	Q9UJX6
Q9UM00	Q9UM00
Q9WV60	Q9WV60
Q9WV60	P49840
Q9WV60	P49841
Q9Y6D9	Q9Y6D9
A3FBE6	A3FBE6
A3FBE6	P60568
A3FBE6	P04351
O34206	O34206
O34206	Q9HT87
P06436	P06436
P06436	P10211
P06436	P06437
P32496	P32496
P59808	P59808
P59808	O94885
Q06338	Q06338
Q4PSX1	Q4PSX1
Q6P1C1	Q6P1C1
Q9XSH5	Q9XSH5
Q9XSH5	Q13451
Q9XSH5	P27124
O35044	O35044
P42555	P42555
P42555	P0A6Z3
A0A0M3KKX3	A0A0M3KKX3
Q25704	Q25704
Q25704	A5JZS1
Q5WZW9	Q5WZW9
Q835L8	Q835L8
Q8Y4A6	Q8Y4A6
Q8Y4A6	B1MLU6
Q8Y4A6	P07128
A0A0H3K9Z0	A0A0H3K9Z0
B7GN78	B7GN78
B7GN78	E8MF12
Q77ZG5	Q77ZG5
Q8RBV8	Q8RBV8
Q8RBV8	P0A964
Q8RBV8	Q56311
A2ASS6	A2ASS6
A2ASS6	Q8WZ42
G4ZHR2	G4ZHR2
O00410	O00410
O14638	O14638
O14638	P06802
O14638	P22413
O14976	O14976
O15360	O15360
O35235	O35235
O35235	O14788
O43464	O43464
O75449	O75449
O95398	O95398
O96018	O96018
P01241	P01241
P02454	P02454
P02454	P02452
P03191	P03191
P04040	P04040
P05023	P05023
P05023	D2WKD8
P05023	Q08DA1
P05023	P19156
P05023	P05024
P05023	P06685
P05023	P13637
P07203	P07203
P07996	P07996
P09208	P09208
P0A6C8	P0A6C8
P0C6Y1	P0C6Y1
P0C6Y1	P0C6Y3
P0DSE1	P0DSE1
P10721	P10721
P10721	P05532
P10721	P07333
P10721	P09581
P10721	P16234
P10721	P36888
P10721	P05622
P10721	P09619
P13466	P13466
P15941	P15941
P17948	P17948
P17948	P35968
P17948	P35916
P20166	P20166
P22449	P22449
P22449	P41235
P23508	P23508
P25637	P25637
P26842	P26842
P30153	P30153
P30153	Q76MZ3
P31424	P31424
P31424	P41594
P32368	P32368
P33892	P33892
P33892	G0S9T3
P35348	P35348
P36017	P36017
P36017	P61019
P36017	P20338
P36017	P55258
P36017	P62820
P36017	P61006
P36017	P61026
P36017	Q96DA2
P36017	Q15771
P39016	P39016
P41895	P41895
P46060	P46060
P46060	P46061
P49842	P49842
P53611	P53611
P61149	P61149
P61149	P05230
P61149	P03968
P69852	P69852
P84095	P84095
P84095	Q24816
P84095	O00212
P84095	P06780
P84095	P61589
P84095	P62745
P84095	Q9PSX7
P84095	A0A068C8U8
P84095	Q09914
P84095	Q9QUI0
P84095	P08134
P84095	P61586
P84095	P60763
P84095	P60766
P84095	P60953
P84095	P15153
P84095	A0A8C8XFZ1
P84095	P63000
P84095	P17081
P84095	Q9SSX0
P84095	Q38937
P84095	Q7L0Q8
P97756	P97756
P97756	Q96RR4
P97756	Q8N5S9
P97756	Q3Y416
P9WHW5	P9WHW5
Q004B5	Q004B5
Q004B5	H6VGI3
Q004B5	P51541
Q004B5	P17540
Q004B5	P05122
Q004B5	Q9TTK8
Q004B5	P04414
Q004B5	P11009
Q004B5	P12277
Q004B5	P12532
Q004B5	P06732
Q004B5	Q5EA61
Q004B5	Q9XY07
Q004B5	A0C7I4
Q01344	Q01344
Q03954	Q03954
Q05636	Q05636
Q08495	Q08495
Q12972	Q12972
Q13227	Q13227
Q13469	Q13469
Q13469	O95644
Q13469	Q12968
Q13469	Q14934
Q13761	Q13761
Q14966	Q14966
Q15326	Q15326
Q15722	Q15722
Q16584	Q16584
Q16584	Q12852
Q16584	Q02779
Q16584	P80192
Q16584	Q5TCX8
Q20646	Q20646
Q38998	Q38998
Q5JTV8	Q5JTV8
Q5U651	Q5U651
Q63376	Q63376
Q6X5Y6	Q6X5Y6
Q86UC2	Q86UC2
Q8CDJ3	Q8CDJ3
Q8CDJ3	Q6ZNE5
Q8K4F0	Q8K4F0
Q8K4F0	Q15762
Q8N6H7	Q8N6H7
Q8NI60	Q8NI60
Q8VZ40	Q8VZ40
Q90623	Q90623
Q90623	O14974
Q92621	Q92621
Q96524	Q96524
Q96524	Q43125
Q96EP1	Q96EP1
Q96MK3	Q96MK3
Q96MK3	E7FBB8
Q96MK3	Q8IXL6
Q96T37	Q96T37
Q99729	Q99729
Q99729	Q14103
Q99P72	Q99P72
Q99P72	Q9NQC3
Q9BZE4	Q9BZE4
Q9FL12	Q9FL12
Q9H2X9	Q9H2X9
Q9H2X9	Q9UP95
Q9H2X9	Q9UHW9
Q9H2X9	Q9WVL3
Q9H2X9	Q9Y666
Q9H8Y8	Q9H8Y8
Q9HD43	Q9HD43
Q9JM80	Q9JM80
Q9NPG1	Q9NPG1
Q9NPG1	O60353
Q9NSV4	Q9NSV4
Q9NSV4	O08808
Q9NSV4	O60610
Q9NYZ3	Q9NYZ3
Q9QUK6	Q9QUK6
Q9QUK6	O00206
Q9UH77	Q9UH77
Q9UH77	O95198
Q9UJY4	Q9UJY4
Q9UM11	Q9UM11
Q9UM11	P53197
Q9Y2H2	Q9Y2H2
Q9Y4G8	Q9Y4G8
A4KWA1	A4KWA1
A4KWA1	Q99JB4
A4KWA1	P27811
P06535	P06535
Q06892	Q06892
Q6PBN2	Q6PBN2
Q9I8L5	Q9I8L5
Q9XYQ1	Q9XYQ1
P0A3Y5	P0A3Y5
P0A3Y5	P00552
P0A3Y5	Q9F9M5
P43408	P43408
P43408	P43410
P43408	P43411
P43408	P35028
P89884	P89884
Q9FKZ1	Q9FKZ1
A0A0S1VWZ1	A0A0S1VWZ1
G0SFF5	G0SFF5
O96214	O96214
O96214	Q7YTF7
Q2IDQ5	Q2IDQ5
Q609M8	Q609M8
Q9LIG0	Q9LIG0
A0A0H5CBH3	A0A0H5CBH3
A0QP47	A0QP47
B7UL96	B7UL96
H9L4P6	H9L4P6
Q1GCP1	Q1GCP1
Q58T34	Q58T34
Q9FGG5	Q9FGG5
D2IYS2	D2IYS2
O00418	O00418
O08623	O08623
O08623	Q64337
O08623	Q13501
O14979	O14979
O15371	O15371
O35253	O35253
O35253	O15105
O43482	O43482
O50146	O50146
O60437	O60437
O62479	O62479
O75460	O75460
O75460	Q9EQY0
O76003	O76003
O76003	Q9CQM9
O94851	O94851
O95405	O95405
O96020	O96020
O96020	P24864
P00736	P00736
P01258	P01258
P03206	P03206
P04049	P04049
P04049	P11345
P04049	P10398
P04049	P15056
P07221	P07221
P07221	P31415
P07221	P12637
P08018	P08018
P09211	P09211
P09211	P19157
P0DSE2	P0DSE2
P12478	P12478
P14410	P14410
P19338	P19338
P23522	P23522
P23522	Q47098
P23522	B1IS70
P23522	A0A081HJP9
P23522	P76469
P23522	A0A8I1ZEE8
P23522	A0A9X9Z9Y0
P23522	A0A9J4RF02
P23522	A0A9J4RF03
P23522	A0A9J9HGY6
P23522	A0A9X9Z9X7
P23522	A0A9X9Z9Y6
P23522	B4E7W8
P23522	B8FRX2
P25648	P25648
P26882	P26882
P28033	P28033
P28033	P17676
P28033	P05554
P28033	P49715
P30203	P30203
P31431	P31431
P31431	P34901
P31431	P34741
P33897	P33897
P36088	P36088
P38110	P38110
P40460	P40460
P41948	P41948
P47821	P47821
P51577	P51577
P53621	P53621
P61201	P61201
P78423	P78423
P84098	P84098
P9WI69	P9WI69
Q02818	Q02818
Q03957	Q03957
Q07084	Q07084
Q08496	Q08496
Q12080	Q12080
Q12996	Q12996
Q13470	Q13470
Q13765	Q13765
Q14203	Q14203
Q14203	P28023
Q14974	Q14974
Q14974	P70168
Q15365	Q15365
Q15365	Q15366
Q9QYG0	Q9QYG0
Q9SVY5	Q9SVY5
Q9UHP3	Q9UHP3
Q9UHP3	P57080
Q9VCR6	Q9VCR6
Q9Y2T7	Q9Y2T7
Q9Y580	Q9Y580
D0NIN5	D0NIN5
O60234	O60234
O60234	Q9CQI3
O60234	Q9ERL7
P0ACP1	P0ACP1
P16794	P16794
P16794	F5HFZ4
P38134	P38134
P38134	P76387
P38134	Q9X4B9
P38134	Q0GYW2
P69333	P69333
P69333	P69332
P69333	P49238
P69333	P32248
P69333	P49682
P69333	P41597
Q12163	Q12163
Q794W0	Q794W0
Q91836	Q91836
Q91836	P97473
Q91836	Q15633
Q91836	O75569
Q9NZQ0	Q9NZQ0
O67572	O67572
P49695	P49695
Q6INT1	Q6INT1
Q6INT1	O14920
Q6INT1	O15111
Q8KLS0	Q8KLS0
Q9KLK7	Q9KLK7
Q9KLK7	P54302
S0DUX5	S0DUX5
A5K4Q6	A5K4Q6
D0VWT1	D0VWT1
D0VWT1	Q8IM71
D0VWT1	Q5CUP2
J9VWY8	J9VWY8
P56276	P56276
Q3JRA3	Q3JRA3
Q3JRA3	Q63T74
Q3JRA3	P0AEJ5
Q3JRA3	P0AEJ4
Q8DR49	Q8DR49
Q9ABT2	Q9ABT2
Q9X688	Q9X688
A0A2K3DJN8	A0A2K3DJN8
C7MEP1	C7MEP1
C7MEP1	Q47396
C7MEP1	A5Y459
C7MEP1	D8L2F8
C7MEP1	O32553
Q2KDX6	Q2KDX6
Q2KDX6	Q92T17
Q5ZTK8	Q5ZTK8
Q830X4	Q830X4
Q830X4	Q6GFF9
Q830X4	A0A6L8P1L2
Q8Y9P4	Q8Y9P4
Q9KTT6	Q9KTT6
Q62151	Q62151
Q62151	Q15109
Q63472	Q63472
Q63472	Q60603
Q63472	Q02280
Q6PD62	Q6PD62
Q6XHB2	Q6XHB2
Q79PF6	Q79PF6
Q86UE8	Q86UE8
Q8IW19	Q8IW19
Q8LA16	Q8LA16
Q8NAT1	Q8NAT1
Q8NNJ2	Q8NNJ2
Q8TDS4	Q8TDS4
Q8WTR2	Q8WTR2
Q92625	Q92625
Q92625	P59672
Q92625	Q7Z6G8
Q969G6	Q969G6
Q96F24	Q96F24
Q96F24	Q8VCQ3
Q96MU7	Q96MU7
Q96MU7	Q9QY02
Q96T60	Q96T60
Q96T60	Q9JLV6
Q99741	Q99741
Q99PT1	Q99PT1
Q99PT1	P52565
Q9BV73	Q9BV73
Q9BZL6	Q9BZL6
Q9BZL6	Q9XUJ7
Q9BZL6	O94806
Q9FMZ0	Q9FMZ0
Q9H3P2	Q9H3P2
Q9H999	Q9H999
Q9HIN1	Q9HIN1
Q9NQ75	Q9NQ75
Q9NTI5	Q9NTI5
Q9NZC2	Q9NZC2
Q9QWJ9	Q9QWJ9
Q9QWJ9	O14786
Q9QWJ9	P97333
Q9SKB2	Q9SKB2
Q9UHA4	Q9UHA4
Q9UHA4	O88653
Q9UM54	Q9UM54
Q9UM54	Q64331
Q9UM54	Q29122
Q9WVI9	Q9WVI9
Q9WVI9	Q9R237
Q9WVI9	Q9UQF2
Q9Y2I1	Q9Y2I1
Q9Y4J8	Q9Y4J8
Q9Y6K0	Q9Y6K0
Q9ZKJ5	Q9ZKJ5
A5U1Y4	A5U1Y4
A5U1Y4	Q87WW1
O36972	O36972
P06725	P06725
P13917	P13917
P60495	P60495
Q08432	Q08432
Q8R5F8	Q8R5F8
Q8R5F8	Q8TE68
Q8R5F8	Q9H6S3
Q8R5F8	Q08509
Q8R5F8	Q12929
Q8R5F8	Q8TE67
Q9LEW8	Q9LEW8
P0AAB2	P0AAB2
P0AAB2	S0F332
P0AAB2	P39155
P0AAB2	P24666
P0AAB2	P9WIA1
P9WI99	P9WI99
Q5ZVH3	Q5ZVH3
Q5ZVH3	O67792
Q5ZVH3	Q56416
Q5ZVH3	A4JBA9
Q5ZVH3	P0A6I9
Q5ZVH3	A0A0H3FR62
Q5ZVH3	P44920
Q5ZVH3	Q9PMD9
Q5ZVH3	Q9X1A7
Q8DQB5	Q8DQB5
Q8DQB5	H7C794
Q8DQB5	Q59961
Q8DQB5	Q5SHZ4
Q8DQB5	Q839Z1
Q8DQB5	P0A4M0
Q8DQB5	P0C559
Q8DQB5	G7CIP8
Q8DQB5	P9WG45
Q8DQB5	A0QNE0
Q8DQB5	A0A0J9WZF0
Q8DQB5	P66937
Q8DQB5	Q6GKU0
Q8DQB5	P0A0K8
Q8DQB5	P20083
Q8DQB5	B5XU53
Q8DQB5	Q5GYJ8
Q8DQB5	Q9I7C2
Q8DQB5	C3SLN3
Q8DQB5	A0A3R0U328
Q8DQB5	P0A2I4
Q8DQB5	P0AES6
B7Z6J7	B7Z6J7
B7Z6J7	O75175
Q2LQE8	Q2LQE8
Q92UP1	Q92UP1
A0A140N873	A0A140N873
B9PZH8	B9PZH8
L0NML6	L0NML6
Q22DR7	Q22DR7
Q5JDQ4	Q5JDQ4
Q7DB50	Q7DB50
Q7DB50	B7UMC8
Q8RGT8	Q8RGT8
Q9HU96	Q9HU96
Q9HU96	A0A367MEJ5
D3ZMK9	D3ZMK9
D3ZMK9	Q86YV5
O14646	O14646
O14994	O14994
O14994	P09951
O14994	P17599
O15392	O15392
O35274	O35274
O54408	O54408
O54408	Q54089
O54408	Q931Q4
O54408	P0AG20
O54408	P9WHG9
O54408	I7FCZ4
O60496	O60496
O60496	Q99704
O60496	P97465
O75525	O75525
O76039	O76039
O94874	O94874
O95433	O95433
O97143	O97143
O97143	Q64702
O97143	O00444
P00757	P00757
P03211	P03211
P05027	P05027
P05027	G3MWR4
P05027	P05026
P05027	P07340
P05674	P05674
P05674	P09592
P05674	P89946
P05674	P27284
P05674	Q4QXJ7
P05674	P22056
P05674	Q8JUX5
P05674	Q5XXP3
P05674	Q8QZ72
P05674	P27285
P05674	P13897
P05674	P03316
P05674	P08491
P05674	Q5Y388
P05674	P03315
P05674	Q86925
P06701	P06701
P07239	P07239
P07239	P0DOQ5
P07239	A0A7H0DN78
P07239	Q6TW43
P08050	P08050
P08050	P17302
P0A6I0	P0A6I0
P11488	P11488
P11488	P04695
P11488	P50148
P13569	P13569
P14598	P14598
P15257	P15257
P15257	P22361
P17074	P17074
P17074	P39019
P19397	P19397
P20273	P20273
P22543	P22543
P22543	Q8NEB9
P22543	Q9W1M7
P25686	P25686
P26927	P26927
P26927	P14210
P26927	Q08048
P26927	P00747
P31645	P31645
P33991	P33991
P33991	P30664
P35398	P35398
P36095	P36095
P38153	P38153
P39104	P39104
P42081	P42081
P42858	P42858
P49959	P49959
P51617	P51617
P52732	P52732
P54830	P54830
P54830	P54829
P78527	P78527
P9WI73	P9WI73
P9WI73	Q8NM29
Q01484	Q01484
Q04087	Q04087
Q08685	Q08685
Q12230	Q12230
Q14999	Q14999
Q15751	Q15751
Q23229	Q23229
Q51742	Q51742
Q5NBY9	Q5NBY9
Q5NBY9	Q9HBE1
Q5VT06	Q5VT06
Q60875	Q60875
Q60875	Q92974
Q62165	Q62165
Q62165	Q14118
Q6PD74	Q6PD74
Q79V60	Q79V60
Q79V60	Q79PF4
Q79V60	B9KWX8
Q7Z4T9	Q7Z4T9
Q8NAV1	Q8NAV1
Q8NRC3	Q8NRC3
Q8TDU6	Q8TDU6
Q8WTW4	Q8WTW4
Q92989	Q92989
Q92989	P52874
Q969H0	Q969H0
Q96G74	Q96G74
Q96N21	Q96N21
Q99748	Q99748
Q99PZ6	Q99PZ6
Q99PZ6	Q3YTH2
Q9BVA1	Q9BVA1
Q9BVA1	P68371
Q9BVA1	P07437
Q9BVA1	Q13509
Q9BVA1	Q13885
Q9BZP6	Q9BZP6
Q9FVE6	Q9FVE6
Q9FVE6	Q56WH4
Q9H3P7	Q9H3P7
Q9H3P7	F1MRE5
Q9H9E1	Q9H9E1
Q9NQ88	Q9NQ88
Q9NTJ3	Q9NTJ3
Q9NZC7	Q9NZC7
Q9QWW1	Q9QWW1
Q9QWW1	Q9Z214
Q9SR05	Q9SR05
Q9SR05	Q9SCZ4
Q9SR05	Q3E8W4
Q9UHB6	Q9UHB6
Q9UK32	Q9UK32
Q9UK32	Q15418
Q9UK32	P51812
Q9UK32	P18654
Q9UK32	O75582
Q9UM73	Q9UM73
Q9Y2I7	Q9Y2I7
Q9Y4K3	Q9Y4K3
Q9Y6K8	Q9Y6K8
Q9ZNV8	Q9ZNV8
Q9ZNV8	Q9SLX1
Q9ZNV8	Q6VAK4
Q9ZNV8	G7I2T8
Q9ZNV8	B7FGU6
Q9ZNV8	Q9ZNV9
A6NLU0	A6NLU0
O53380	O53380
P07349	P07349
P07349	P32881
P07349	P01562
P13981	P13981
Q08745	Q08745
Q08745	P46784
Q6UBQ3	Q6UBQ3
Q8TZY2	Q8TZY2
A1TH50	A1TH50
A1TH50	O07177
A1TH50	A0R6D9
O53692	O53692
P0AEC6	P0AEC6
P0AEC6	G3XD98
P43591	P43591
P9WIR3	P9WIR3
Q9H9S4	Q9H9S4
Q9H9S4	Q6IQL2
Q9H9S4	Q9Y376
Q9XWJ1	Q9XWJ1
A3FQN0	A3FQN0
A3FQN0	A4HXQ3
A3FQN0	Q4QE15
G7LCC3	G7LCC3
G7LCC3	Q9C5U0
Q2PAY2	Q2PAY2
Q87HP3	Q87HP3
Q87HP3	Q9KM24
Q93KQ6	Q93KQ6
Q93KQ6	Q05608
Q9WZV7	Q9WZV7
A0A161I5N6	A0A161I5N6
A0YXD2	A0YXD2
A0YXD2	B2KYG8
A0YXD2	A0A5Q0TWV7
C2M8N4	C2M8N4
M3TP73	M3TP73
Q24CL2	Q24CL2
Q7KQK1	Q7KQK1
Q8TZ25	Q8TZ25
Q8TZ25	Q58494
Q9I185	Q9I185
A4D1P6	A4D1P6
G5EG83	G5EG83
G5EG83	Q8MQ03
G5EG83	Q02241
O08722	O08722
O08722	Q8K1S3
O14653	O14653
O15020	O15020
O15020	E9PX29
O15020	Q00963
O15020	P11277
O15020	Q62261
O15020	Q01082
O35324	O35324
O35324	O14796
O43502	O43502
O54709	O54709
O60499	O60499
O70161	O70161
O70161	O60331
O75531	O75531
O76061	O76061
O94875	O94875
O95453	O95453
P00860	P00860
P01275	P01275
P01275	P01273
P01275	P01272
P01275	P01274
P03230	P03230
P04062	P04062
P06702	P06702
P06702	P80511
P06702	P31725
P07248	P07248
P08588	P08588
P08588	P07700
P0AEW6	P0AEW6
P0CG47	P0CG47
P0DUW5	P0DUW5
P0DUW5	A0A0H3B1Q8
P14616	P14616
P14616	P08069
P14616	Q60751
P14616	P15127
P14616	P06213
P14616	P15208
P15260	P15260
P18074	P18074
P18074	P06839
P19419	P19419
P20333	P20333
P22575	P22575
P26951	P26951
P26951	P15509
P29353	P29353
P30291	P30291
P31663	P31663
P31663	P9WIL5
P32457	P32457
P33993	P33993
P36100	P36100
P38159	P38159
P40506	P40506
P42128	P42128
P42128	P85037
P50053	P50053
P50053	P97328
P51654	P51654
P53680	P53680
P53680	P61966
P54867	P54867
P56181	P56181
P59823	P59823
P59823	Q9NZN1
P70218	P70218
P70218	Q92918
P70218	Q8IVH8
P78536	P78536
P9WI75	P9WI75
Q01538	Q01538
Q05789	Q05789
Q07352	Q07352
Q08881	Q08881
Q08881	Q03526
Q08881	P24604
Q08881	P42680
Q08881	P51813
Q08881	Q06187
Q08881	Q3ZC95
Q08881	P35991
Q12248	Q12248
Q13018	Q13018
Q13823	Q13823
Q14289	Q14289
Q14289	P34152
Q14289	Q00944
Q14289	Q05397
Q14BN4	Q14BN4
Q16654	Q16654
Q16654	Q15118
Q16654	Q15120
Q16654	Q64536
Q16654	Q15119
Q23551	Q23551
Q39193	Q39193
Q39193	Q940H6
Q39193	A0A238LNS4
Q52430	Q52430
Q5VT52	Q5VT52
Q62191	Q62191
Q62191	P19474
Q62191	P15533
Q62191	Q0PF16
Q62191	Q9BYJ4
Q62191	Q9C035
Q62191	Q8NG06
Q69Z98	Q69Z98
Q69Z98	Q5RJI5
Q6Y7W6	Q6Y7W6
Q79VI7	Q79VI7
Q7Z5K2	Q7Z5K2
Q86UT6	Q86UT6
Q8CG03	Q8CG03
Q8IWA0	Q8IWA0
Q8LBP4	Q8LBP4
Q8TDX7	Q8TDX7
Q8WU08	Q8WU08
Q91UZ1	Q91UZ1
Q92633	Q92633
Q92633	P21453
Q92993	Q92993
Q969H4	Q969H4
Q96NW7	Q96NW7
Q96TC7	Q96TC7
Q9ASS6	Q9ASS6
Q9BZX2	Q9BZX2
Q9BZX2	Q9HA47
Q9FYE1	Q9FYE1
Q9H3S4	Q9H3S4
Q9H3S4	Q9R0M5
Q9H9Q2	Q9H9Q2
Q9H9Q2	Q9UBW8
Q9HUF7	Q9HUF7
Q9LD83	Q9LD83
Q9LD83	A0A0Q3IDG7
Q9NQA5	Q9NQA5
Q9NQA5	Q9H1D0
Q9NUP9	Q9NUP9
Q9NUP9	Q9HAP6
Q9NUP9	O88951
Q9NZJ4	Q9NZJ4
Q9NZJ4	G1KBF9
Q9QWY8	Q9QWY8
Q9SSD1	Q9SSD1
Q9UHB7	Q9UHB7
Q9UHB7	P51825
Q9UM82	Q9UM82
Q9UXT7	Q9UXT7
Q9Y2K2	Q9Y2K2
Q9Y4P8	Q9Y4P8
A7M6E7	A7M6E7
O53509	O53509
P35202	P35202
P60932	P60932
Q0NZX5	Q0NZX5
Q57688	Q57688
Q8VVE2	Q8VVE2
Q9LX31	Q9LX31
A3FQ79	A3FQ79
G0S4S9	G0S4S9
P44093	P44093
Q38DT1	Q38DT1
A0A178LR65	A0A178LR65
A0A178LR65	B8GAY9
H7C535	H7C535
Q66JG9	Q66JG9
Q66JG9	Q7Z698
Q66JG9	Q7Z699
Q94K14	Q94K14
Q94K14	P53323
Q94K14	Q96S44
A0A1I5R890	A0A1I5R890
C3X9F9	C3X9F9
O06916	O06916
Q5SK23	Q5SK23
Q7MVG4	Q7MVG4
Q7MVG4	Q8A1P1
Q7MVG4	G8UQH1
Q8TZI1	Q8TZI1
Q9I6W1	Q9I6W1
A6NHR9	A6NHR9
A6NHR9	Q6P5D8
D4GTL2	D4GTL2
J7I4B7	J7I4B7
O00451	O00451
O00451	P56159
O00451	Q62997
O00451	Q98TT9
O08773	O08773
O08773	P97492
O08773	O43566
O14672	O14672
O14672	Q10741
O15021	O15021
O15446	O15446
O35381	O35381
O35381	P39687
O54724	O54724
O60500	O60500
O75533	O75533
O76064	O76064
O95466	O95466
P00347	P00347
P00347	P04035
P00864	P00864
P00864	Q9MAH0
P00864	P04711
P01308	P01308
P01308	P01317
P01308	P01325
P02566	P02566
Q96P16	Q96P16
Q96P16	Q9NQG5
Q980S6	Q980S6
Q980S6	Q5SIA8
Q980S6	P9WHK7
Q980S6	P70698
Q980S6	Q9VUL1
Q980S6	Q9NRF8
Q980S6	P17812
Q980S6	C3SX67
Q980S6	P0A7E5
Q9BPX6	Q9BPX6
Q9BVS4	Q9BVS4
Q9C005	Q9C005
Q9C005	A8J1X7
Q9EPK5	Q9EPK5
Q9EPK5	Q9GZV5
Q9EPK5	P46938
Q9EPK5	P46937
Q9GRZ3	Q9GRZ3
Q9H3U1	Q9H3U1
Q9H9S5	Q9H9S5
Q9I6V6	Q9I6V6
Q9NZM5	Q9NZM5
Q9UHD1	Q9UHD1
Q9UK73	Q9UK73
Q9UMX1	Q9UMX1
Q9V535	Q9V535
Q9WVS7	Q9WVS7
Q9WVS7	Q13163
Q9Y2Q5	Q9Y2Q5
Q9Y2Q5	Q9JHS3
Q9Y4W2	Q9Y4W2
Q9Y6M9	Q9Y6M9
Q9ZVD0	Q9ZVD0
A9XFZ7	A9XFZ7
P0A3F4	P0A3F4
P0A3F4	Q9L422
Q0PAA2	Q0PAA2
Q6ZS72	Q6ZS72
Q8YC53	Q8YC53
Q8YC53	Q2YKK7
Q9NSI2	Q9NSI2
G0SFC6	G0SFC6
O62301	O62301
P0C0E6	P0C0E6
P0C0E6	P24425
P0C0E6	P0DTH5
C1EBN1	C1EBN1
P39758	P39758
Q883V3	Q883V3
Q883V3	P21865
Q98142	Q98142
A0A224B0L3	A0A224B0L3
A3DJ38	A3DJ38
C5AMM8	C5AMM8
O25006	O25006
Q5ZRR1	Q5ZRR1
Q7Z3N8	Q7Z3N8
Q8X270	Q8X270
A7HD43	A7HD43
D9I2F9	D9I2F9
O08795	O08795
O08795	P14314
O14733	O14733
O15061	O15061
O15516	O15516
O15516	O08785
O43559	O43559
O43559	Q8WU20
O54790	O54790
O60506	O60506
O70361	O70361
O70361	O35973
O70361	O15055
O70361	O54943
O76093	O76093
O76093	P55075
O94913	O94913
O95477	O95477
P00375	P00375
P02649	P02649
P04085	P04085
P05744	P05744
P08621	P08621
P0A720	P0A720
P10040	P10040
P10912	P10912
P15336	P15336
P19447	P19447
P19447	Q00578
P20457	P20457
P22666	P22666
P23647	P23647
P29400	P29400
P29400	Q01955
P29400	P02462
P29400	P08572
P30307	P30307
P30307	P30311
P34164	P34164
P36162	P36162
P38313	P38313
P39453	P39453
P39453	Q87ID1
P46527	P46527
P48240	P48240
P49459	P49459
P49459	P61077
P49459	O14933
P49459	P61088
P49459	P63280
P49459	Q42551
P51784	P51784
P51784	Q13107
P53848	P53848
P55010	P55010
P60228	P60228
P61289	P61289
P62270	P62270
P67861	P67861
P67861	P67863
P87074	P87074
P9WI81	P9WI81
Q01705	Q01705
Q01705	P46531
Q03018	Q03018
Q04377	Q04377
Q05919	Q05919
Q07688	Q07688
Q08951	Q08951
Q12343	Q12343
Q13043	Q13043
Q13043	Q13188
Q13285	Q13285
Q13285	P33242
Q13507	Q13507
Q13507	Q61143
Q13507	Q9Y210
Q14397	Q14397
Q14397	Q07071
Q15003	Q15003
Q16665	Q16665
Q16665	Q61221
Q16665	Q99814
Q16665	P97481
Q24117	Q24117
Q24117	P63167
Q53GL0	Q53GL0
Q5WRG2	Q5WRG2
Q5WRG2	Q64438
Q5WRG2	P03950
Q6ZMJ4	Q6ZMJ4
Q86VI3	Q86VI3
Q86VI3	P46940
Q8CIB5	Q8CIB5
Q8CIB5	Q96AC1
Q8IWV7	Q8IWV7
Q8NBK3	Q8NBK3
Q8R464	Q8R464
Q8WU79	Q8WU79
Q92731	Q92731
Q92731	P03372
Q93008	Q93008
Q969Q1	Q969Q1
Q969Q1	Q9BYV2
Q96GN5	Q96GN5
Q96P70	Q96P70
Q98325	Q98325
Q99816	Q99816
Q9BPZ7	Q9BPZ7
Q9BW27	Q9BW27
Q9EPK8	Q9EPK8
Q9EPK8	Q9HBA0
Q9GT24	Q9GT24
Q9H3Z4	Q9H3Z4
Q9H9T3	Q9H9T3
Q9H9T3	Q9CZX0
Q9LI74	Q9LI74
Q9NQC7	Q9NQC7
Q9NVH2	Q9NVH2
Q9STM3	Q9STM3
Q9UHD2	Q9UHD2
Q9UHD2	Q9WUN2
Q9UKB1	Q9UKB1
Q9UKB1	Q9Y297
Q9UMZ2	Q9UMZ2
Q9V6K3	Q9V6K3
Q9Y570	Q9Y570
Q9Y6N7	Q9Y6N7
O58107	O58107
O58107	Q9HHB6
O58107	Q9R7D7
O58107	P51570
O58107	B7GUI0
P0A6I3	P0A6I3
P16497	P16497
Q12004	Q12004
Q5A3P6	Q5A3P6
Q71LX4	Q71LX4
Q71LX4	Q9Y4G6
Q71LX4	Q9Y490
Q71LX4	P26039
Q8ZNP1	Q8ZNP1
Q9NXF1	Q9NXF1
A0A0B4J268	A0A0B4J268
A0A0B4J268	A0A087WT03
G0V1V5	G0V1V5
G0V1V5	A0A0S4IKF4
O67060	O67060
O67060	P62615
O67060	W9BPL2
O67060	Q8FI04
O67060	P83700
P0C798	P0C798
P0C798	P0C799
P45618	P45618
P45618	Q59250
P45618	P69783
Q9IMP5	Q9IMP5
C5DB94	C5DB94
C5DB94	W0TA43
C5DB94	Q06628
P39759	P39759
Q6CUV9	Q6CUV9
Q89YQ8	Q89YQ8
A0A2I5TIN5	A0A2I5TIN5
A3DK02	A3DK02
O27711	O27711
O27711	O30133
Q2G159	Q2G159
Q2G159	A0A0H2USG4
Q5ZSB6	Q5ZSB6
Q816F1	Q816F1
Q9KQJ1	Q9KQJ1
Q9KQJ1	P50456
A8DYP0	A8DYP0
O14744	O14744
O15075	O15075
O54828	O54828
O60563	O60563
O60563	O60583
O60563	Q9XT26
O75581	O75581
O76094	O76094
O94979	O94979
O95486	O95486
P01009	P01009
P01009	Q8IW75
P01009	Q9UK55
P01009	P01008
P01009	P29508
P01009	P07093
P01344	P01344
P02671	P02671
P03345	P03345
P04141	P04141
P05109	P05109
P06730	P06730
P06730	P63073
P07293	P07293
P08151	P08151
P09416	P09416
P09416	P01106
P09416	P04198
P0C0K3	P0C0K3
P10071	P10071
P16118	P16118
P16118	P07953
P16118	P26285
P16118	O60825
P16118	Q16875
P17181	P17181
P19456	P19456
P20459	P20459
P20459	P05198
P21709	P21709
P21709	Q60750
P21709	O15197
P21709	P29323
P21709	P54762
P21709	P54763
P21709	O09127
P21709	P29322
P21709	P28693
P21709	Q60629
P21709	P54756
P21709	Q62413
P21709	P54753
P21709	P54760
P21709	P29317
P21709	Q03145
P21709	P29320
P21709	P54764
P21709	Q03137
P21709	Q15375
P22670	P22670
P24928	P24928
P24928	G3MZY8
P24928	P11414
P24928	P04050
P28306	P28306
P29460	P29460
P34244	P34244
P36222	P36222
P36222	Q61362
P36222	Q8SPQ0
P36222	P30922
P36222	Q29411
P36222	Q6TMG6
P36222	Q7YS85
P38339	P38339
P39460	P39460
P49594	P49594
P50402	P50402
P51787	P51787
P53894	P53894
P55011	P55011
P56280	P56280
P56280	P56278
P56280	P56279
P62277	P62277
P70460	P70460
P70460	P50552
P70460	P70429
P98161	P98161
P9WI83	P9WI83
Q01726	Q01726
Q03041	Q03041
Q04631	Q04631
Q04631	P49354
Q05923	Q05923
Q05923	P28562
Q05923	Q13115
Q05923	Q16828
Q05923	Q64346
Q05923	Q16829
Q05923	Q99956
Q07731	Q07731
Q07731	P39905
Q07731	Q98TU0
Q12380	Q12380
Q13075	Q13075
Q14416	Q14416
Q14416	P35400
Q14416	P41180
Q15436	Q15436
Q15772	Q15772
Q16667	Q16667
Q53GL7	Q53GL7
Q5RKV6	Q5RKV6
Q5XPI4	Q5XPI4
Q61066	Q61066
Q63HR2	Q63HR2
Q6PJG6	Q6PJG6
Q6ZMU5	Q6ZMU5
Q6ZMU5	Q1XH17
Q7KRY7	Q7KRY7
Q7KRY7	Q14160
Q7Z6E9	Q7Z6E9
Q86VP1	Q86VP1
Q8CIH5	Q8CIH5
Q8CIH5	P24135
Q8CIH5	P16885
Q8CIH5	P10686
Q8CIH5	P08487
Q8CIH5	P19174
Q8IWZ8	Q8IWZ8
Q8NBL1	Q8NBL1
Q8R4B8	Q8R4B8
Q8R4B8	P59046
Q8R4B8	Q96MN2
Q8WUF5	Q8WUF5
Q93009	Q93009
Q969S3	Q969S3
Q96GX5	Q96GX5
Q96PH1	Q96PH1
Q9BQE5	Q9BQE5
Q9BQE5	O14791
Q9BW66	Q9BW66
Q9C0C7	Q9C0C7
Q9EPU5	Q9EPU5
Q9GZU1	Q9GZU1
Q9H9Z2	Q9H9Z2
Q9H9Z2	Q8K3Y3
Q9IK90	Q9IK90
Q9LIR6	Q9LIR6
Q9NVI1	Q9NVI1
Q9NVI1	B0I564
Q9NZN8	Q9NZN8
Q9QY24	Q9QY24
Q9QY24	Q9H171
Q9SV72	Q9SV72
Q9UHI6	Q9UHI6
Q9UKC9	Q9UKC9
Q9UN19	Q9UN19
Q9VA37	Q9VA37
Q9VA37	Q99497
Q9XEA1	Q9XEA1
Q9Y6Q6	Q9Y6Q6
D0N6D2	D0N6D2
P16791	P16791
P16791	Q6SW81
P37542	P37542
Q12083	Q12083
Q77M42	Q77M42
Q91753	Q91753
Q91753	P35557
Q91753	Q42525
Q91753	Q8LQ68
Q91753	P17709
Q91753	P33284
Q91753	P04806
Q91753	P04807
Q9NZL6	Q9NZL6
Q9NZL6	Q60695
Q9NZL6	Q03386
Q9NZL6	Q12967
Q9NZL6	O15211
Q9NZL6	Q61193
A5W4E3	A5W4E3
O67139	O67139
O67139	P16456
O67139	P49903
O67139	Q4Q0M0
P46859	P46859
Q04804	Q04804
Q9K0I2	Q9K0I2
Q9K0I2	P42850
Q9ZWQ6	Q9ZWQ6
A0A1S4NYE5	A0A1S4NYE5
C5DFJ6	C5DFJ6
Q6CZE3	Q6CZE3
Q6CZE3	P0AG01
Q6CZE3	P0AG00
Q8A6X1	Q8A6X1
Q9A2T6	Q9A2T6
A0A2I8B6R1	A0A2I8B6R1
A4JE13	A4JE13
C7E5A9	C7E5A9
Q2IFX2	Q2IFX2
Q5ZSZ6	Q5ZSZ6
Q8XBV8	Q8XBV8
Q9KT21	Q9KT21
A8E7C6	A8E7C6
A8E7C6	P07949
A8E7C6	P35546
E1C7U0	E1C7U0
E1C7U0	E7F4N7
E1C7U0	F1M391
E1C7U0	Q3TBT3
E1C7U0	Q86WV6
E1C7U0	B8XX90
L0N7N1	L0N7N1
O00472	O00472
O08816	O08816
O08816	O00401
O08816	Q91YD9
O08816	P42768
O15085	O15085
O15085	Q9ES67
O15530	O15530
O43567	O43567
O54857	O54857
O54857	P60484
O60565	O60565
O70624	O70624
O70624	Q99972
O76095	O76095
O94986	O94986
O95544	O95544
P00442	P00442
P00442	P08228
P00442	P00441
P00442	P34697
P01375	P01375
P01375	P06804
P04150	P04150
P04150	P06536
P04150	G5AQS2
P04150	P06537
P05112	P05112
P05771	P05771
P05771	P68403
P05771	Q4VA93
P05771	P05696
P05771	P17252
P05771	P63319
P05771	P05129
P05771	P09216
P05771	Q02156
P08153	P08153
P08637	P08637
P08637	A3RFZ7
P0A796	P0A796
P0A796	Q2FXM8
P0A796	O34529
P0A796	P00512
P0A796	P80019
P10964	P10964
P11717	P11717
P12643	P12643
P12643	P18075
P12643	Q9WV56
P12643	Q9UK05
P12643	O95393
P16144	P16144
P20486	P20486
P21730	P21730
P21730	P30993
P22681	P22681
P22681	P22682
P22681	Q13191
P22681	Q3TTA7
P25942	P25942
P28327	P28327
P28327	Q15835
P28327	P34947
P28327	P32298
P28327	P43249
P28327	P43250
P29466	P29466
P30530	P30530
P30530	P55144
P30530	Q06418
P30530	Q12866
P32577	P32577
P32577	P41240
P32577	P41241
P32577	P42679
P32577	P06241
P32577	P39688
P32577	P16277
P32577	P06239
P32577	P08631
P32577	P42681
P32577	Q64817
P32577	Q04736
P32577	P00525
P32577	P00523
P32577	P09769
P32577	P12931
P32577	P00524
P32577	P00526
P32577	P63185
P32577	P05480
P32577	P07947
P32577	Q05876
P32577	Q13882
P32577	P25911
P32577	P07948
P32577	Q922K9
P35555	P35555
P36406	P36406
P38398	P38398
P39685	P39685
P40999	P40999
P48356	P48356
P48356	P48357
P52799	P52799
P52799	P52800
P52799	Q15768
P52799	P52795
P52799	P98172
P53899	P53899
P55034	P55034
P60520	P60520
P60520	P38182
P60520	O95166
P60520	Q09490
P70662	P70662
P70662	Q86U70
P98164	P98164
P98164	Q07954
P98164	P98158
P98164	A2ARV4
Q00597	Q00597
Q01813	Q01813
Q01813	P08237
Q01813	P00511
Q01813	P17858
Q03111	Q03111
Q03111	P42568
Q04636	Q04636
Q07763	Q07763
Q08AE8	Q08AE8
Q12417	Q12417
Q12417	O13615
Q13077	Q13077
Q13308	Q13308
Q13888	Q13888
Q13888	Q04673
Q15477	Q15477
Q16671	Q16671
Q3KN41	Q3KN41
Q53H12	Q53H12
Q5S007	Q5S007
Q5S007	Q17RV3
Q62318	Q62318
Q62318	Q13263
Q6PJI9	Q6PJI9
Q6ZN16	Q6ZN16
Q6ZN16	Q99683
Q86VP6	Q86VP6
Q8ML92	Q8ML92
Q8NBN3	Q8NBN3
Q8R4K2	Q8R4K2
Q8R4K2	Q9NWZ3
Q8WUI4	Q8WUI4
Q8WUI4	P56524
Q8WUI4	Q9UQL6
Q92759	Q92759
Q92759	Q02939
Q969V5	Q969V5
Q96GY3	Q96GY3
Q96PK6	Q96PK6
Q99835	Q99835
Q99835	P56726
Q99835	Q5RH73
Q9BRK3	Q9BRK3
Q9BRK3	Q9DBV4
Q9BRK3	Q148M6
Q9BWF2	Q9BWF2
Q9C5H4	Q9C5H4
Q9LJX0	Q9LJX0
Q9LJX0	P21439
Q9NVM9	Q9NVM9
Q9NZU7	Q9NZU7
